Team,Year,Conference,Games,Wins,Win_Percentage,O_Efficiency,D_Efficiency,Power_Rating,EFG_O,EFG_D,Turnover_Rate,Steal_Rate,Offensive_Rebound_Rate,Opp_Offensive_Rebound_Rate,Free_Throw_Rate,Opp_Free_Throw_Rate,2_Pt_Percentage,Opp_2_Pt_Percentage,3_Pt_Percentage,Opp_3_Pt_Percentage,Wins_Above_Bubble,Elimination_Round,Seed,Round.of.64,X64WL,X64PD,Round.of.32,X32WL,X32PD,Sweet.16,X16WL,X16PD,Elite.8,X8WL,X8PD,Final.4,X4WL,X4PD,Championship,X2WL
Abilene Christian,2019,Slnd,30,27,0.9,100.9,100.7,0.5064,51.9,49.8,17.3,23.3,27,28.5,34,38.3,49.5,49.8,37.7,33.3,-2.6,R64,15,Kentucky,0,NA,NA ,NA ,NA ,NA ,NA ,NA ,NA ,NA ,NA ,NA ,NA ,NA ,NA ,NA 
Akron,2013,MAC,32,25,0.78125,103.4,94.4,0.7402,51,44.6,20.8,20.2,37.6,30.5,36.9,35,52.1,42.7,32.7,32.8,0.3,R64,12,VCU,0,NA,NA,NA,NA,NA,NA,NA,NA,NA,NA,NA,NA,NA,NA,NA
Alabama,2018,SEC,36,20,0.555555556,107.9,95.3,0.8074,51.9,47.8,20.3,18.7,29.4,30.9,41.9,36.5,53.5,46.9,32.6,32.8,-1.1,R32,9,Virginia Tech,1,3,Villanova,0,NA,NA,NA,NA,NA,NA,NA,NA,NA,NA,NA,NA
Albany,2013,AE,35,24,0.685714286,101.2,98.7,0.5722,49.6,48.3,21.2,19.9,31.7,28.2,40,27.8,46.7,47.6,37,33.1,-4.5,R64,15,Duke,0,NA,NA,NA,NA,NA,NA,NA,NA,NA,NA,NA,NA,NA,NA,NA
Albany,2014,AE,34,19,0.558823529,102.8,103.1,0.49,48.8,48.3,19.7,18.3,31.9,28.4,42,29.1,47,46,36,34.9,-8.6,R64,16,Florida,0,NA,NA,NA,NA,NA,NA,NA,NA,NA,NA,NA,NA,NA,NA,NA
Albany,2015,AE,33,24,0.727272727,104.9,102.2,0.5749,49.9,49.6,18.8,20.1,32.6,26,39,30.4,47.9,46.2,35.8,36.2,-3.3,R64,14,Oklahoma,0,NA,NA,NA,NA,NA,NA,NA,NA,NA,NA,NA,NA,NA,NA,NA
American,2014,Pat,33,20,0.606060606,101.8,97.7,0.6178,55.8,46.4,23.1,19.6,26.5,29.7,35,40.7,55.1,45.7,37.9,31.9,-5.5,R64,15,Wisconsin,0,NA,NA,NA,NA,NA,NA,NA,NA,NA,NA,NA,NA,NA,NA,NA
Arizona St.,2014,P12,33,21,0.636363636,110.3,96.4,0.8252,52.4,46.3,16.3,17,24.5,30.2,42.5,37.3,48.8,45.3,39,32.6,1.2,R64,10,Texas,0,NA,NA,NA,NA,NA,NA,NA,NA,NA,NA,NA,NA,NA,NA,NA
Arizona St.,2019,P12,34,23,0.676470588,108.7,97.6,0.775,50.6,48.5,18.7,19,31.7,26.9,43.8,38.6,50.8,47.3,33.6,33.4,0.1,R64,11,Buffalo,0,NA,NA ,NA ,NA ,NA ,NA ,NA ,NA ,NA ,NA ,NA ,NA ,NA ,NA ,NA 
Arizona,2013,P12,35,27,0.771428571,114.4,92.2,0.9229,52.5,46.6,19.5,19.8,35,26.7,37.4,32.9,50.6,43.4,37.1,35.8,4.6,S16,6,Belmont,1,17,Harvard,1,23,Ohio St.,0,NA,NA,NA,NA,NA,NA,NA,NA,NA
Arizona,2014,P12,38,33,0.868421053,116.2,87.4,0.9636,51.7,42.3,15.7,19.1,36.4,27.3,41,34.2,50.7,40.2,36.4,32,9.4,E8,1,Weber St.,1,9,Gonzaga,1,23,San Diego St.,1,6,Wisconsin,0,NA,NA,NA,NA,NA,NA
Arizona,2015,P12,38,34,0.894736842,117.5,86.9,0.97,53.5,45.1,16.5,20.6,34.5,22.4,47.1,37.3,53.3,42.7,36,33.5,9,E8,2,Texas Southern,1,21,Ohio St.,1,15,Xavier,1,8,Wisconsin,0,NA,NA,NA,NA,NA,NA
Arizona,2016,P12,34,25,0.735294118,116.1,95.7,0.9022,53.6,46.2,18.2,16,35,24.9,43.8,29.3,52.2,45.7,38.1,31.6,3.4,R64,6,Wichita St.,0,NA,NA,NA,NA,NA,NA,NA,NA,NA,NA,NA,NA,NA,NA,NA
Arizona,2017,P12,37,32,0.864864865,117.6,95.6,0.9157,53.7,47.7,16.6,17.4,33.2,26,40.5,28.6,51.5,48.4,39,31,7.9,S16,2,North Dakota,1,18,Saint Mary's,1,9,Xavier,0,NA,NA,NA,NA,NA,NA,NA,NA,NA
Arizona,2018,P12,35,27,0.771428571,117,100.4,0.8528,56.3,49.9,17.5,16.7,33.2,25.1,36.9,31.2,56.7,47.7,36.9,35.8,3.8,R64,4,Buffalo,0,NA,NA,NA,NA,NA,NA,NA,NA,NA,NA,NA,NA,NA,NA,NA
Arkansas Little Rock,2016,SB,33,28,0.848484848,107.6,96.7,0.7732,51.9,45.9,15.6,21,26.7,29.5,31.5,38.3,48.9,45.7,38.2,30.9,2.1,R32,12,Purdue,1,2,Iowa St.,0,NA,NA,NA,NA,NA,NA,NA,NA,NA,NA,NA,NA
Arkansas,2015,SEC,36,27,0.75,113.2,96,0.8696,50,48.3,16.9,22.3,35.7,34.6,37.3,38.8,48.8,46.2,34.9,35.2,3.9,R32,5,Wofford,1,3,North Carolina,0,NA,NA,NA,NA,NA,NA,NA,NA,NA,NA,NA,NA
Arkansas,2017,SEC,36,26,0.722222222,114.9,99.8,0.8339,51.4,47.8,16.6,18.5,31.9,34.2,38.1,39.1,50,46.7,36.5,33.2,3.9,R32,8,Seton Hall,1,6,North Carolina,0,NA,NA,NA,NA,NA,NA,NA,NA,NA,NA,NA,NA
Arkansas,2018,SEC,35,23,0.657142857,116.7,100.4,0.8483,53.8,50.4,15.1,19.4,28.8,31.7,37.4,40.8,51.2,48.2,39.5,35.7,2.8,R64,7,Butler,0,NA,NA,NA,NA,NA,NA,NA,NA,NA,NA,NA,NA,NA,NA,NA
Auburn,2018,SEC,34,26,0.764705882,114,96.9,0.8672,50.8,49.7,16.4,20.7,32.1,28,39.8,38.1,48.7,47.7,35.7,35.1,4.3,R32,4,College of Charleston,1,4,Clemson,0,NA,NA,NA,NA,NA,NA,NA,NA,NA,NA,NA,NA
Auburn,2019,SEC,39,30,0.769230769,121.3,95.2,0.942,54.4,51.7,16.8,24.6,31.6,32.8,30.9,36.4,51.7,51.4,38.1,34.8,6.1,F4,5,New Mexico St.,1,1,Kansas,1,14,Kansas,1,14,Kentucky,1,6,Virgina,0,NA ,NA ,NA 
Austin Peay,2016,OVC,34,16,0.470588235,103.4,109.1,0.3501,51.3,53.8,20.2,18.6,31.9,30,47,31.3,51,53.3,34.7,36.4,-11.3,R64,16,Kansas,0,NA,NA,NA,NA,NA,NA,NA,NA,NA,NA,NA,NA,NA,NA,NA
Baylor,2014,B12,36,24,0.666666667,119.2,99.5,0.8885,51.3,48.7,17.8,15.8,40.1,32,44.8,32.3,48.3,46.4,38,35.6,3.1,S16,6,Nebraska,1,14,Creighton,1,30,Wisconsin,0,NA,NA,NA,NA,NA,NA,NA,NA,NA
Baylor,2015,B12,33,23,0.696969697,116.3,92.7,0.9316,49.8,45.8,20.1,19.3,41.9,31.5,38.6,32.1,46.1,46.4,38.2,29.8,5,R64,3,Georgia St.,0,NA,NA,NA,NA,NA,NA,NA,NA,NA,NA,NA,NA,NA,NA,NA
Baylor,2016,B12,33,21,0.636363636,119.3,99.2,0.8924,51.6,51.2,18.6,19.8,40,28.8,38.6,38.6,49.8,49.1,37.4,36.9,3.5,R64,5,Yale,0,NA,NA,NA,NA,NA,NA,NA,NA,NA,NA,NA,NA,NA,NA,NA
Baylor,2017,B12,34,27,0.794117647,116.4,93.9,0.9226,52.5,46.1,20.6,17.1,39.8,29.4,33.9,30.1,52.2,45,35.3,32.2,7.9,S16,3,New Mexico St.,1,18,USC,1,4,South Carolina,0,NA,NA,NA,NA,NA,NA,NA,NA,NA
Baylor,2019,B12,34,20,0.588235294,114.6,99.2,0.84,51.2,49.1,19.7,18.6,37.9,29.4,32.3,36.5,51.2,47.5,34.1,34.5,0.9,R32,9,Syracuse,1,9,Gonzaga,0,NA ,NA ,NA ,NA ,NA ,NA ,NA ,NA ,NA ,NA ,NA ,NA 
Belmont,2013,OVC,31,24,0.774193548,108.9,96.2,0.8064,56.5,48,19.6,25,29.7,34.2,32.8,37,56.9,46.7,37.2,33.5,0.1,R64,11,Arizona,0,NA,NA,NA,NA,NA,NA,NA,NA,NA,NA,NA,NA,NA,NA,NA
Belmont,2015,OVC,32,21,0.65625,108.7,106.8,0.5497,56.5,51.3,20.3,18.5,28.9,29.6,32.2,28.2,56.4,51.2,37.7,34.3,-4.7,R64,15,Virginia,0,NA,NA,NA,NA,NA,NA,NA,NA,NA,NA,NA,NA,NA,NA,NA
Belmont,2019,OVC,32,27,0.84375,114.9,101,0.8138,57.6,48.7,15.2,16,25.3,25,28.5,27.4,59.2,47.2,37,34.4,1.2,R64,11,Maryland,0,NA,NA ,NA ,NA ,NA ,NA ,NA ,NA ,NA ,NA ,NA ,NA ,NA ,NA ,NA 
Bradley,2019,MVC,34,20,0.588235294,101.1,100.5,0.517,49.7,47.6,18.8,18.4,26.7,26.7,36.3,35.6,46.5,46.5,37,32.8,-7.9,R64,15,Michigan St.,0,NA,NA ,NA ,NA ,NA ,NA ,NA ,NA ,NA ,NA ,NA ,NA ,NA ,NA ,NA 
Bucknell,2013,Pat,33,27,0.818181818,104.7,93.1,0.7936,49.6,42.5,15.1,14.1,29.3,24.3,35.7,29.4,48.3,41.1,35.8,30.5,1,R64,11,Butler,0,NA,NA,NA,NA,NA,NA,NA,NA,NA,NA,NA,NA,NA,NA,NA
Bucknell,2017,Pat,35,26,0.742857143,108.3,99.1,0.7352,55.3,48,18.9,19.7,26.8,27.9,37.2,33.1,54.3,46.5,37.9,34.2,-2.1,R64,13,West Virginia,0,NA,NA,NA,NA,NA,NA,NA,NA,NA,NA,NA,NA,NA,NA,NA
Bucknell,2018,Pat,35,25,0.714285714,108,101.3,0.676,53.9,47.8,17,17,27,27.5,42.6,34.5,55,47,34.8,33.1,-3,R64,14,Michigan St.,0,NA,NA,NA,NA,NA,NA,NA,NA,NA,NA,NA,NA,NA,NA,NA
Buffalo,2015,MAC,33,23,0.696969697,109.1,98,0.7742,48.7,48.5,16.7,19.7,34.5,30.4,42.6,34.3,47.6,48,34.1,33,-1.3,R64,12,West Virginia,0,NA,NA,NA,NA,NA,NA,NA,NA,NA,NA,NA,NA,NA,NA,NA
Buffalo,2016,MAC,34,19,0.558823529,105.1,102.4,0.5746,49.6,49.8,18.8,17.7,31.8,28.7,41.6,37.8,49,48.8,33.7,34.3,-5.8,R64,14,Miami FL,0,NA,NA,NA,NA,NA,NA,NA,NA,NA,NA,NA,NA,NA,NA,NA
Buffalo,2018,MAC,35,27,0.771428571,114.5,102.7,0.7761,54.8,48.8,16.5,18.1,31.9,29.1,29.9,39.5,54.3,48.4,37.1,33.1,-1.3,R32,13,Arizona,1,21,Kentucky,0,NA,NA,NA,NA,NA,NA,NA,NA,NA,NA,NA,NA
Buffalo,2019,MAC,35,32,0.914285714,113.6,95.3,0.8819,53.4,47.3,16,20.3,31.7,26.9,32.7,31.9,55.7,49.3,33.7,29.3,5.5,R32,6,Arizona St.,1,17,Texas Tech,0,NA ,NA ,NA ,NA ,NA ,NA ,NA ,NA ,NA ,NA ,NA ,NA 
Butler,2013,A10,35,26,0.742857143,109.2,93,0.8624,50.7,46.7,20.2,17.4,35.9,26.3,38.4,36.1,50.2,45.3,34.3,33.2,4.7,R32,6,Bucknell,1,12,Marquette,0,NA,NA,NA,NA,NA,NA,NA,NA,NA,NA,NA,NA
Butler,2015,BE,34,23,0.676470588,108.5,88.6,0.9115,48.4,46.7,17,19.5,34.7,25.3,40.8,33.4,46.3,47.1,35.6,30.7,3.5,R32,6,Texas,1,8,Notre Dame,0,NA,NA,NA,NA,NA,NA,NA,NA,NA,NA,NA,NA
Butler,2016,BE,33,22,0.666666667,118.2,98.6,0.8899,52.6,49.7,14.5,18.6,32.2,27.5,39.3,35.8,49.9,49.1,39.3,33.8,2,R32,9,Texas Tech,1,10,Virginia,0,NA,NA,NA,NA,NA,NA,NA,NA,NA,NA,NA,NA
Butler,2017,BE,34,25,0.735294118,117.7,96.9,0.9038,54.6,50.8,15,19.6,27.2,27,37.1,37,54.5,51.3,36.6,33.3,5.5,S16,4,Winthrop,1,12,Middle Tennessee,1,9,North Carolina,0,NA,NA,NA,NA,NA,NA,NA,NA,NA
Butler,2018,BE,35,21,0.6,116.1,95.3,0.9068,54,51.9,15.7,19.5,27.6,24.6,26.1,35.3,54.3,49.5,35.7,37.3,1.7,R32,10,Arkansas,1,17,Purdue,0,NA,NA,NA,NA,NA,NA,NA,NA,NA,NA,NA,NA
BYU,2014,WCC,34,22,0.647058824,113.8,100.5,0.8078,50.6,49.1,15.3,16.6,34.9,28.6,47.6,36.8,49.2,48.2,36.9,33.7,0.6,R64,10,Oregon,0,NA,NA,NA,NA,NA,NA,NA,NA,NA,NA,NA,NA,NA,NA,NA
Cal Poly,2014,BW,32,12,0.375,102,104.4,0.4356,46,49.3,14.7,18.1,30.9,33.2,33.2,42.9,44.2,48.6,33,33.8,-10.7,R64,16,Wichita St.,0,NA,NA,NA,NA,NA,NA,NA,NA,NA,NA,NA,NA,NA,NA,NA
Cal St. Bakersfield,2016,WAC,30,21,0.7,103.4,95.7,0.7106,49.3,45.2,18.2,21.5,34.1,29.7,38,42.1,48.5,42.8,34.3,33.4,-3.5,R64,15,Oklahoma,0,NA,NA,NA,NA,NA,NA,NA,NA,NA,NA,NA,NA,NA,NA,NA
Cal St. Fullerton,2018,BW,30,20,0.666666667,101.6,102.5,0.476,51.6,48.2,20.7,18.2,26,28.9,45.6,35.2,52,45,33.8,36.4,-5.5,R64,15,Purdue,0,NA,NA,NA,NA,NA,NA,NA,NA,NA,NA,NA,NA,NA,NA,NA
California,2013,P12,33,21,0.636363636,105.4,92.3,0.8211,48,44.3,18.9,16.8,32.5,30.7,31.2,32.5,48.8,41.7,30.2,33.6,0.5,R32,12,UNLV,1,3,Syracuse,0,NA,NA,NA,NA,NA,NA,NA,NA,NA,NA,NA,NA
California,2016,P12,34,23,0.676470588,112.4,92.8,0.9006,52.2,44.3,17.7,14.1,32.4,25.3,41.7,37.5,51.1,41.5,36.3,34.7,2.2,R64,4,Hawaii,0,NA,NA,NA,NA,NA,NA,NA,NA,NA,NA,NA,NA,NA,NA,NA
Chattanooga,2016,SC,33,27,0.818181818,105.6,100.8,0.6286,51.7,50.5,18,20.2,32.3,29,41.6,30.9,50.7,50.5,35.6,33.7,0.4,R64,12,Indiana,0,NA,NA,NA,NA,NA,NA,NA,NA,NA,NA,NA,NA,NA,NA,NA
Cincinnati,2013,BE,34,22,0.647058824,104.5,88.3,0.873,46.2,43.3,19.4,20.3,38.7,29.8,35.5,32.7,45.5,42.3,31.6,30.4,1.7,R64,10,Creighton,0,NA,NA,NA,NA,NA,NA,NA,NA,NA,NA,NA,NA,NA,NA,NA
Cincinnati,2014,Amer,34,27,0.794117647,108.7,91.5,0.8783,47.7,44.8,17.4,22.4,39.1,32.3,38.7,36,46.6,43.2,33.5,32,5.3,R64,5,Harvard,0,NA,NA,NA,NA,NA,NA,NA,NA,NA,NA,NA,NA,NA,NA,NA
Cincinnati,2015,Amer,34,23,0.676470588,106.5,92.3,0.838,49.5,44.1,21,19.9,37.3,32.3,37.1,26.1,49.6,42.2,32.9,31.9,-1.3,R32,8,Purdue,1,1,Kentucky,0,NA,NA,NA,NA,NA,NA,NA,NA,NA,NA,NA,NA
Cincinnati,2016,Amer,33,22,0.666666667,110,93.5,0.866,49.3,45.6,16.3,20.3,36.7,30.6,33.2,27,47.7,41.3,34.8,35.7,0.3,R64,9,Saint Josephs,0,NA,NA,NA,NA,NA,NA,NA,NA,NA,NA,NA,NA,NA,NA,NA
Cincinnati,2017,Amer,36,30,0.833333333,115.2,92.1,0.9292,52,45.2,15.3,20.2,35.5,29.4,32.5,29.1,52.1,41.4,34.5,34.4,5.6,R32,6,Kansas St.,1,14,UCLA,0,NA,NA,NA,NA,NA,NA,NA,NA,NA,NA,NA,NA
Cincinnati,2018,Amer,36,31,0.861111111,111.6,87.7,0.9417,51.2,43.3,17,21.6,38.5,28.2,36,26.8,50.2,41.4,35.3,30.9,5.9,R32,2,Georgia St.,1,15,Nevada,0,NA,NA,NA,NA,NA,NA,NA,NA,NA,NA,NA,NA
Cincinnati,2019,Amer,35,28,0.8,112.3,93.8,0.8871,49,48.6,16,20.9,37.4,29.3,37.6,30.5,47.6,45.1,34.5,35.5,5.8,R64,7,Iowa,0,NA,NA,NA,NA,NA,NA,NA,NA,NA,NA,NA,NA,NA,NA,NA
Clemson,2018,ACC,35,25,0.714285714,112.5,93.1,0.8984,52.9,47.2,17.4,17.4,27.2,26.3,33.5,27.2,51.6,43.9,36.6,35.2,3.9,S16,5,New Mexico St.,1,11,Auburn,1,31,Kansas,0,NA,NA,NA,NA,NA,NA,NA,NA,NA
Coastal Carolina,2014,BSth,31,18,0.580645161,98.3,102,0.3946,48,47.5,20.2,18.3,34.2,29.3,38.6,39.6,47.6,46.7,32.6,32.4,-7.7,R64,16,Virginia,0,NA,NA,NA,NA,NA,NA,NA,NA,NA,NA,NA,NA,NA,NA,NA
Coastal Carolina,2015,BSth,30,20,0.666666667,104.5,103,0.5417,50,47.7,17.5,16.9,34.8,28,38.9,35,48.1,45.8,35.9,33.8,-5.1,R64,16,Wisconsin,0,NA,NA,NA,NA,NA,NA,NA,NA,NA,NA,NA,NA,NA,NA,NA
Colgate,2019,Pat,34,24,0.705882353,109.1,105.5,0.5961,55.9,50.7,19.3,17.8,30.2,27.1,28.4,28.2,53.5,50.5,39.5,33.9,-4.4,R64,15,Tennessee,0,NA,NA ,NA ,NA ,NA ,NA ,NA ,NA ,NA ,NA ,NA ,NA ,NA ,NA ,NA 
College of Charleston,2018,CAA,32,26,0.8125,106.8,104.3,0.5685,52.7,49.9,15.1,17.8,25.5,27.9,36.6,32.1,52,48.7,35.9,34.6,-2.1,R64,13,Auburn,0,NA,NA,NA,NA,NA,NA,NA,NA,NA,NA,NA,NA,NA,NA,NA
Colorado St.,2013,MWC,33,24,0.727272727,116.6,98.4,0.8759,49.2,48.6,17.2,16.5,41.4,23.2,44.1,36.4,48.4,47.1,34.1,34.1,1.9,R32,8,Missouri,1,12,Louisville,0,NA,NA,NA,NA,NA,NA,NA,NA,NA,NA,NA,NA
Colorado,2013,P12,33,21,0.636363636,104.9,90.2,0.8513,48.3,45.9,20,19.4,33.6,30.4,40.9,25.3,47,44.7,34.4,32,1.4,R64,10,Illinois,0,NA,NA,NA,NA,NA,NA,NA,NA,NA,NA,NA,NA,NA,NA,NA
Colorado,2014,P12,35,23,0.657142857,106.9,96,0.774,48.3,49.4,19.7,17.8,34,26.1,48.3,30.2,48.6,47.3,31.8,35.6,2.4,R64,8,Pittsburgh,0,NA,NA,NA,NA,NA,NA,NA,NA,NA,NA,NA,NA,NA,NA,NA
Colorado,2016,P12,33,21,0.636363636,107.8,95.2,0.8072,48.4,46.8,18.8,15.4,34.8,24.8,40.5,35.7,43.9,44.3,38.6,35.3,0.7,R64,8,Connecticut,0,NA,NA,NA,NA,NA,NA,NA,NA,NA,NA,NA,NA,NA,NA,NA
Connecticut,2014,Amer,40,32,0.8,112.5,91.3,0.9171,51.5,44.6,17.3,19.6,30.4,32.8,38.3,35.7,48.1,42.2,38.7,33,4.7,Champions,7,Saint Joseph's,1,8,Villanova,1,12,Iowa St.,1,5,Michigan St.,1,6,Florida,1,10,Kentucky,1
Connecticut,2016,Amer,36,25,0.694444444,110.5,93.4,0.8732,51.5,44.5,16.3,18.2,28.6,29.1,29.6,35.4,49.9,42,36.5,32.6,1.2,R32,9,Colorado,1,7,Kansas,0,NA,NA,NA,NA,NA,NA,NA,NA,NA,NA,NA,NA
Creighton,2013,MVC,36,28,0.777777778,116.4,95,0.9117,58.2,45.9,18.9,16.1,28.8,27.2,34.2,26.1,55.7,45.5,41.4,31.2,3.5,R32,7,Cincinnati,1,4,Duke,0,NA,NA,NA,NA,NA,NA,NA,NA,NA,NA,NA,NA
Creighton,2014,BE,35,27,0.771428571,125.2,101.9,0.9144,58.9,48.5,15,14.8,27.7,27.8,33.9,33,56.3,47,41.4,34.2,5.6,R32,3,Louisiana Lafayette,1,10,Baylor,0,NA,NA,NA,NA,NA,NA,NA,NA,NA,NA,NA,NA
Creighton,2017,BE,34,25,0.735294118,114.5,95.2,0.8931,57.6,49.9,17.1,19.3,24.2,29.6,27.9,29.3,56.4,50.2,39.8,33,4.3,R64,6,Rhode Island,0,NA,NA,NA,NA,NA,NA,NA,NA,NA,NA,NA,NA,NA,NA,NA
Creighton,2018,BE,32,21,0.65625,116.2,97.4,0.8836,57.4,50.1,15.6,15.8,22.5,24.6,26.5,24.8,58.7,50,37.2,33.6,2,R64,8,Kansas St.,0,NA,NA,NA,NA,NA,NA,NA,NA,NA,NA,NA,NA,NA,NA,NA
Davidson,2013,SC,33,25,0.757575758,110.6,98.3,0.7959,53.1,45.3,17,18.8,29,28.5,38.9,36.4,52,44.3,36.6,32.1,-1.4,R64,14,Marquette,0,NA,NA,NA,NA,NA,NA,NA,NA,NA,NA,NA,NA,NA,NA,NA
Davidson,2015,A10,31,23,0.741935484,118.3,102.2,0.8435,55.4,49.3,14.1,17,29.6,30.4,28.5,34.6,53.1,51.4,38.7,30,1.7,R64,10,Iowa,0,NA,NA,NA,NA,NA,NA,NA,NA,NA,NA,NA,NA,NA,NA,NA
Davidson,2018,A10,33,21,0.636363636,117,102.3,0.823,57.4,51.2,14.5,16.2,22.6,23.4,24.6,29.6,56.5,50.3,38.9,35,-2.9,R64,12,Kentucky,0,NA,NA,NA,NA,NA,NA,NA,NA,NA,NA,NA,NA,NA,NA,NA
Dayton,2014,A10,37,26,0.702702703,113,99.1,0.8188,52.4,48.8,18.1,18.8,33.9,28.8,40.6,43,50.4,48.3,37.7,33.2,0.6,E8,11,Ohio St.,1,1,Syracuse,1,2,Stanford,1,10,Florida,0,NA,NA,NA,NA,NA,NA
Dayton,2015,A10,36,27,0.75,107,94.5,0.8059,52.9,47.3,17.9,21.1,23.3,28.4,48.1,30.6,52.6,46.5,35.6,32.5,0.8,R32,11,Providence,1,13,Oklahoma,0,NA,NA,NA,NA,NA,NA,NA,NA,NA,NA,NA,NA
Dayton,2016,A10,33,25,0.7575758,105.5,92.6,0.8184,51.6,46.9,18.6,18,28.7,24.2,40.8,32.8,51.5,43.7,34.4,34.9,2.4,R64,7,Syracuse,0,NA,NA,NA,NA,NA,NA,NA,NA,NA,NA,NA,NA,NA,NA,NA
Dayton,2017,A10,31,24,0.7741935,111.6,97,0.833,53.6,47.7,16.9,20.9,25.6,27.4,43.4,35.2,51,47.2,38.4,32.3,1.5,R64,7,Wichita St.,0,NA,NA,NA,NA,NA,NA,NA,NA,NA,NA,NA,NA,NA,NA,NA
Delaware,2014,CAA,35,25,0.714285714,110.7,106,0.6237,50.4,49.4,13.4,16.8,29.1,32.8,43.9,38,49.5,49.6,34.7,32.7,-1.4,R64,13,Michigan St.,0,NA,NA,NA,NA,NA,NA,NA,NA,NA,NA,NA,NA,NA,NA,NA
Duke,2013,ACC,36,30,0.833333333,118.4,91.5,0.9507,53.9,45.5,15.6,20.4,28.8,32.3,39.2,32.7,50.8,46.2,39.9,29,7.5,E8,2,Albany,1,12,Creighton,1,16,Michigan St.,1,10,Louisville,0,NA,NA,NA,NA,NA,NA
Duke,2014,ACC,35,26,0.742857143,125.9,98.6,0.9432,53.8,49.3,14.6,18.5,35.2,31.3,38.8,40.8,50.3,50.3,39.5,30.7,6.5,R64,3,Mercer,0,NA,NA,NA,NA,NA,NA,NA,NA,NA,NA,NA,NA,NA,NA,NA
Duke,2015,ACC,39,35,0.897435897,125.2,90.6,0.9764,56.6,46.5,16.3,18.6,35.8,30.2,39.8,23.9,55.9,46.3,38.7,31.4,10.7,Champions,1,Robert Morris,1,29,San Diego St.,1,19,Utah,1,6,Gonzaga,1,14,Michigan St.,1,20,Wisconsin,1
Duke,2016,ACC,36,25,0.694444444,121.2,98.9,0.9122,53.7,49.5,14.3,17.4,33.2,34.7,40.6,25.3,51,48.9,38.5,34,4.2,S16,4,UNC Wilmington,1,8,Yale,1,7,Oregon,0,NA,NA,NA,NA,NA,NA,NA,NA,NA
Duke,2017,ACC,37,28,0.756756757,122.1,95.6,0.9436,54.8,47.4,16.3,17.3,31.7,29.8,39.3,31.2,53.5,48.9,37.9,29.3,8.6,R32,2,Troy,1,22,South Carolina,0,NA,NA,NA,NA,NA,NA,NA,NA,NA,NA,NA,NA
Duke,2018,ACC,37,29,0.783783784,122.3,92.9,0.9592,55.9,46.4,17.5,17.3,38.8,30,34.6,22.3,56,45.4,37.2,32,6.6,E8,2,Iona,1,22,Rhode Island,1,25,Syracuse,1,4,Kansas,0,NA,NA,NA,NA,NA,NA
Duke,2019,ACC,38,32,0.842105263,118.9,89.2,0.9646,53.6,45,17.5,19.4,35.6,29.5,33.2,24,58,45,30.8,29.9,11.2,E8,1,North Dakota St. ,1,32,UCF,1,1,Virginia Tech,1,2,Michigan St.,0,NA ,NA ,NA ,NA ,NA ,NA 
East Tennessee St.,2017,SC,33,27,0.818181818,107.3,97.1,0.7595,55.8,48.7,20.8,22,30.1,27.4,42.8,38.2,55,45.7,38.2,35.4,-0.7,R64,13,Florida,0,NA,NA,NA,NA,NA,NA,NA,NA,NA,NA,NA,NA,NA,NA,NA
Eastern Kentucky,2014,OVC,32,22,0.6875,112.1,107.5,0.6177,56.7,55.7,15.8,24.2,23,34,43.2,54.9,55.7,56.7,38.6,35.8,-3.3,R64,15,Kansas,0,NA,NA,NA,NA,NA,NA,NA,NA,NA,NA,NA,NA,NA,NA,NA
Eastern Washington,2015,BSky,32,23,0.71875,110.1,107.6,0.5648,55.1,52.3,15.9,17.8,29.3,30.7,35.2,36,52.2,49.2,39.3,38.7,-2.6,R64,13,Georgetown,0,NA,NA,NA,NA,NA,NA,NA,NA,NA,NA,NA,NA,NA,NA,NA
Fairleigh Dickinson,2019,NEC,33,21,0.636363636,104.5,110.3,0.3494,54.2,52,19.7,20.2,29.5,33.2,35.7,29.4,51,51.3,40.1,35.3,-9.3,R64,16,Gonzaga,0,NA,NA ,NA ,NA ,NA ,NA ,NA ,NA ,NA ,NA ,NA ,NA ,NA ,NA ,NA 
Florida Gulf Coast,2013,ASun,35,24,0.685714286,103.4,96.3,0.6952,51.6,46.9,21,22.1,32.5,32.8,35.2,32.7,52.3,46.9,33.4,31.3,-4,S16,15,Georgetown,1,10,San Diego St.,1,10,Florida,0,NA,NA,NA,NA,NA,NA,NA,NA,NA
Florida Gulf Coast,2016,ASun,31,17,0.548387097,102.9,102.4,0.5136,51.5,47.7,17.2,15.9,31.7,27.5,37.3,35.3,51.5,48.3,34.2,31.2,-8.4,R64,16,North Carolina,0,NA,NA,NA,NA,NA,NA,NA,NA,NA,NA,NA,NA,NA,NA,NA
Florida Gulf Coast,2017,ASun,31,26,0.838709677,107.8,103.4,0.6169,53.9,49.3,17.9,17.4,33.8,29.6,33.8,35.9,55.4,51,33.7,31,-1.7,R64,14,Florida St.,0,NA,NA,NA,NA,NA,NA,NA,NA,NA,NA,NA,NA,NA,NA,NA
Florida St.,2017,ACC,35,26,0.742857143,115.4,95.2,0.9014,53.7,47.9,16.4,19.5,33.8,29.8,38.4,37.3,54.4,45.4,34.7,34.9,5.9,R32,3,Florida Gulf Coast,1,6,Xavier,0,NA,NA,NA,NA,NA,NA,NA,NA,NA,NA,NA,NA
Florida St.,2018,ACC,35,23,0.657142857,113.2,96.4,0.8631,53.2,48.4,17.8,19.4,32.3,29.8,37,32.4,53.6,45.4,35,35.5,0.9,E8,9,Missouri,1,13,Xavier,1,5,Gonzaga,1,15,Michigan,0,NA,NA,NA,NA,NA,NA
Florida St.,2019,ACC,37,29,0.783783784,111.7,90.9,0.9146,50.5,47.2,18.9,20.3,32.8,27,35.8,35.7,50.9,45.3,33.2,33.5,7.6,S16,4,Vermont,1,7,Murray St.,1,28,Gonzaga,0,NA ,NA ,NA ,NA ,NA ,NA ,NA ,NA ,NA 
Florida,2013,SEC,37,29,0.783783784,115.7,85.7,0.9694,55.2,43.3,17.8,22.5,34.2,28.4,31,29.9,54.3,41.8,37.8,31,4.1,E8,3,Northwestern St.,1,32,Minnesota,1,14,Florida Gulf Coast,1,10,Michigan,0,NA,NA,NA,NA,NA,NA
Florida,2014,SEC,39,36,0.923076923,115.9,88.4,0.9575,52.2,45.4,17.5,21.3,35.3,28,42.4,31.2,51.3,43.5,35.9,33,11.7,F4,1,Albany,1,12,Pittsburgh,1,16,UCLA,1,11,Dayton,1,10,Connecticut,0,NA,NA,NA
Florida,2017,SEC,36,27,0.75,116.6,88.9,0.9576,51.6,45.8,16.9,21,32.1,29.5,40.2,34,50.3,45.7,35.9,30.5,6.4,E8,4,East Tennessee St.,1,15,Virginia,1,16,Wisconsin,1,1,South Carolina,0,NA,NA,NA,NA,NA,NA
Florida,2018,SEC,34,21,0.617647059,115.2,93.9,0.9132,50.8,48.7,14.3,20,28.7,30.5,32.6,32.4,47.6,46.6,37,35.2,1.4,R32,6,St. Bonaventure,1,15,Texas Tech,0,NA,NA,NA,NA,NA,NA,NA,NA,NA,NA,NA,NA
Florida,2019,SEC,36,20,0.555555556,110.3,91.6,0.8947,49.8,48.1,17.9,22.4,30.6,32.2,29.9,33.6,49.5,48.5,33.4,31.6,0.7,R32,10,Nevada,1,9,Michigan,0,NA ,NA ,NA ,NA ,NA ,NA ,NA ,NA ,NA ,NA ,NA ,NA 
Fresno St.,2016,MWC,33,23,0.696969697,106.3,100.1,0.6646,48.4,48.8,15.1,21,30,29.7,37.7,46.4,47,48.4,34.4,33,-0.9,R64,14,Utah,0,NA,NA,NA,NA,NA,NA,NA,NA,NA,NA,NA,NA,NA,NA,NA
Gardner Webb,2019,BSth,32,23,0.71875,106,106.6,0.4852,54.8,50.5,17.1,18.2,22.4,31.3,38.3,27.6,53.6,50.4,37.7,33.7,-5,R64,16,Virginia,0,NA,NA ,NA ,NA ,NA ,NA ,NA ,NA ,NA ,NA ,NA ,NA ,NA ,NA ,NA 
George Washington,2014,A10,33,24,0.727272727,110.2,96.8,0.8151,51.5,47.2,19,19.6,35.1,31.4,46.6,33.4,50.2,47.4,36.4,31.2,3.2,R64,11,Memphis,0,NA,NA,NA,NA,NA,NA,NA,NA,NA,NA,NA,NA,NA,NA,NA
Georgetown,2013,BE,32,25,0.78125,107.6,85,0.9381,51.1,43,20.1,22.4,30.4,31,36.8,35.3,50.2,41.4,35.3,30.7,6.6,R64,2,Florida Gulf Coast,0,NA,NA,NA,NA,NA,NA,NA,NA,NA,NA,NA,NA,NA,NA,NA
Georgetown,2015,BE,33,22,0.666666667,112.6,93.5,0.8945,51.3,47.1,19.2,20.2,34.3,31,43.9,44.1,50.5,43.1,35.3,36.2,3.7,R32,4,Eastern Washington,1,Utah,North Carolina St.,0,NA,NA,NA,NA,NA,NA,NA,NA,NA,NA,NA,NA
Georgia St.,2015,SB,34,24,0.705882353,109.5,98,0.7802,52,45.8,16.3,23.2,30,34.8,37.7,39.8,53.4,43.1,32.2,33.1,-3,R32,14,Baylor,1,1,Xavier,0,NA,NA,NA,NA,NA,NA,NA,NA,NA,NA,NA,NA
Georgia St.,2018,SB,33,24,0.7272727,108.8,101.5,0.6894,53.9,47.1,16.7,20.6,25.6,33.4,30.9,38.6,50.9,44,38.7,33.8,-5.1,R64,15,Cincinnati,0,NA,NA,NA,NA,NA,NA,NA,NA,NA,NA,NA,NA,NA,NA,NA
Georgia St.,2019,SB,33,24,0.7272727,106.4,101.1,0.6418,53.7,50.3,16.4,21,23,33.8,35.4,30.9,51.2,51.2,38.1,32.8,-1.3,R64,14,Houston,0,NA,NA,NA,NA,NA,NA,NA,NA,NA,NA,NA,NA,NA,NA,NA
Georgia,2015,SEC,33,21,0.636363636,107.6,92.6,0.8482,48.5,44.4,19.2,16.7,32.2,28.5,47.7,34.3,47.2,43.2,34.2,31.2,1.6,R64,10,Michigan St.,0,NA,NA,NA,NA,NA,NA,NA,NA,NA,NA,NA,NA,NA,NA,NA
Gonzaga,2013,WCC,34,31,0.911764706,118.9,90.2,0.9599,54.9,44.9,17.2,20.8,37.8,29.8,40.8,29.9,55,42.1,36.5,32.9,7.6,R32,1,Southern,1,6,Wichita St.,0,NA,NA,NA,NA,NA,NA,NA,NA,NA,NA,NA,NA
Gonzaga,2014,WCC,35,28,0.8,113.6,93.3,0.9064,55.2,44.6,17.4,17.4,30.6,29.5,41.2,38.6,53.6,43.3,39,31.8,4,R32,8,Oklahoma St.,1,8,Arizona,0,NA,NA,NA,NA,NA,NA,NA,NA,NA,NA,NA,NA
Gonzaga,2015,WCC,37,34,0.918918919,120.2,93.1,0.9498,57.9,44.2,16.1,17.1,33.9,28,38.7,30.5,57,42,40,33,7.8,E8,2,North Dakota St.,1,10,Iowa,1,19,UCLA,1,12,Duke,0,NA,NA,NA,NA,NA,NA
Gonzaga,2016,WCC,35,27,0.771428571,117.4,94.5,0.9238,55.2,44.8,17.1,15.1,32.1,26,34.4,28.1,54.3,44.4,37.8,30.3,2.1,S16,11,Seton Hall,1,16,Utah,1,23,Syracuse,0,NA,NA,NA,NA,NA,NA,NA,NA,NA
Gonzaga,2017,WCC,39,37,0.948717949,117.8,86.3,0.9728,56.6,41.1,16.2,17.1,30,26.2,39,26.9,56.3,40,38.2,29,7.7,2ND,1,South Dakota St.,1,20,Northwestern,1,6,West Virginia,1,3,Xavier,1,24,South Carolina,1,4,North Carolina,0
Gonzaga,2018,WCC,37,32,0.864864865,117.2,94.9,0.9192,57,47.1,16.1,17.4,33,23.1,32.1,29.1,58.2,44.1,36.8,35,4.9,S16,4,UNC Greensboro,1,4,Ohio St.,1,6,Florida St.,0,NA,NA,NA,NA,NA,NA,NA,NA,NA
Gonzaga,2019,WCC,37,33,0.891891892,123.4,89.9,0.9744,59,44.2,14.9,19,31.5,26.8,35.3,25.9,61.4,43.4,36.3,30.4,7,E8,1,Fairleigh Dickinson,1,38,Baylor,1,12,Florida St.,1,14,Texas Tech,0,NA ,NA ,NA ,NA ,NA ,NA 
Green Bay,2016,Horz,34,21,0.617647059,106.9,104.2,0.5729,49.8,51.5,15.8,21.1,30.9,32,42.2,35.8,48.5,50,35,36.3,-4.5,R64,14,Texas A&M,0,NA,NA,NA,NA,NA,NA,NA,NA,NA,NA,NA,NA,NA,NA,NA
Hampton,2015,MEAC,35,17,0.485714286,94.8,102.3,0.2939,45.6,46.4,20.2,20.1,31.8,30.9,43.8,45.5,45.6,44.5,30.4,33.9,-12.6,R64,16,Kentucky,0,NA,NA,NA,NA,NA,NA,NA,NA,NA,NA,NA,NA,NA,NA,NA
Hampton,2016,MEAC,31,20,0.64516129,98.2,107.5,0.2615,46.7,48.6,18.7,16.7,34.5,27.2,41.3,35.7,47.3,47.5,30.5,33.8,-6.3,R64,16,Virginia,0,NA,NA,NA,NA,NA,NA,NA,NA,NA,NA,NA,NA,NA,NA,NA
Harvard,2013,Ivy,29,19,0.655172414,104.9,99.9,0.6362,54.3,49.2,20.8,20.9,25.6,31.4,49.6,31.2,51.5,48.9,39.8,33.3,-2.6,R32,14,New Mexico,1,6,Arizona,0,NA,NA,NA,NA,NA,NA,NA,NA,NA,NA,NA,NA
Harvard,2014,Ivy,31,26,0.838709677,111.9,95.2,0.8641,52.1,46.2,17.6,21.1,32.3,29.3,48.4,36.3,49.7,44.9,38.6,32.7,2.2,R32,12,Cincinnati,1,4,Michigan St.,0,NA,NA,NA,NA,NA,NA,NA,NA,NA,NA,NA,NA
Harvard,2015,Ivy,28,20,0.714285714,102.4,94.9,0.7057,47.1,46.6,18.4,20.1,32.4,28.4,38.9,32.9,45.5,44.5,34.3,34,-1.3,R64,13,North Carolina,0,NA,NA,NA,NA,NA,NA,NA,NA,NA,NA,NA,NA,NA,NA,NA
Hawaii,2016,BW,32,26,0.8125,106.9,95,0.7945,51.9,44.9,18.1,19.8,30.4,26.4,45.4,40.2,54.1,44.8,32.2,30,0.8,R32,13,California,1,11,Maryland,0,NA,NA,NA,NA,NA,NA,NA,NA,NA,NA,NA,NA
Holy Cross,2016,Pat,35,15,0.428571429,96.7,106.9,0.2398,47.9,53.2,16.8,19.6,23.1,29.6,36.1,33.4,47.2,52.8,32.6,35.7,-14.5,R64,16,Oregon,0,NA,NA,NA,NA,NA,NA,NA,NA,NA,NA,NA,NA,NA,NA,NA
Houston,2018,Amer,35,27,0.771428571,114.8,93.9,0.9097,53.3,45.5,17.5,19.1,33.8,25.8,32.6,41.6,50.5,43.8,38.7,32.3,2.4,R32,6,San Diego St.,1,2,Michigan,0,NA,NA,NA,NA,NA,NA,NA,NA,NA,NA,NA,NA
Houston,2019,Amer,37,33,0.891891892,115.7,90.5,0.9439,52.1,42.5,16.5,18.2,34.4,26,31.6,37.3,51.3,43,35.5,27.9,7.8,S16,3,Georgia St.,1,29,Ohio St.,1,15,Kentucky,0,NA ,NA ,NA ,NA ,NA ,NA ,NA ,NA ,NA 
Illinois,2013,B10,34,21,0.617647059,109.8,92.7,0.8749,47.5,48.7,17.6,21.7,33.6,33,31,36,47.4,47.4,31.7,34.1,2.4,R32,7,Colorado,1,8,Miami FL,0,NA,NA,NA,NA,NA,NA,NA,NA,NA,NA,NA,NA
Indiana,2013,B10,36,29,0.805555556,121,89.7,0.9692,54.7,44,19.3,20.9,39,31.4,45.8,27,52,43.2,40.3,30.4,7.8,S16,1,James Madison,1,21,Temple,1,6,Syracuse,0,NA,NA,NA,NA,NA,NA,NA,NA,NA
Indiana,2015,B10,34,20,0.588235294,119.5,103,0.8473,54.4,50.3,17.2,15.9,35.3,31.5,32.7,32.8,50.2,50.9,40.6,32.5,-0.3,R64,10,Wichita St.,0,NA,NA,NA,NA,NA,NA,NA,NA,NA,NA,NA,NA,NA,NA,NA
Indiana,2016,B10,35,27,0.771428571,121.3,98.4,0.9168,58.7,49.8,19.6,18.9,37.2,29.2,33.9,30.2,56.1,49,41.6,34.3,3.2,S16,5,Chattanooga,1,25,Kentucky,1,6,North Carolina,0,NA,NA,NA,NA,NA,NA,NA,NA,NA
Iona,2013,MAAC,34,20,0.588235294,112.8,105,0.6956,52.1,51.6,17.1,19.3,32.8,33.4,32.7,32.2,50.4,49.1,36.7,37.5,-5.9,R64,15,Ohio St.,0,NA,NA,NA,NA,NA,NA,NA,NA,NA,NA,NA,NA,NA,NA,NA
Iona,2016,MAAC,33,22,0.666666667,109.1,102.1,0.6822,53.8,48.8,17.6,19.2,29.2,31,32.4,36.3,52.5,46,37,35.8,-3.6,R64,13,Iowa St.,0,NA,NA,NA,NA,NA,NA,NA,NA,NA,NA,NA,NA,NA,NA,NA
Iona,2017,MAAC,35,22,0.628571429,109.3,106,0.5879,53.4,50,16.5,18,27,32.1,31,33.4,49.3,47.7,39.7,36.1,-5.8,R64,14,Oregon,0,NA,NA,NA,NA,NA,NA,NA,NA,NA,NA,NA,NA,NA,NA,NA
Iona,2018,MAAC,34,20,0.588235294,108.8,107.6,0.5333,53.9,52.5,16,18.8,24.5,30.8,30.2,28.6,51.5,51.7,38.3,35.8,-7.3,R64,15,Duke,0,NA,NA,NA,NA,NA,NA,NA,NA,NA,NA,NA,NA,NA,NA,NA
Iona,2019,MAAC,33,17,0.515151515,105.2,108.8,0.4044,53,52.3,17.3,18.5,25.1,30.7,36.8,28.5,53.2,50.3,35.1,36.6,-10.4,R64,16,North Carolina,0,NA,NA ,NA ,NA ,NA ,NA ,NA ,NA ,NA ,NA ,NA ,NA ,NA ,NA ,NA 
Iowa St.,2013,B12,35,23,0.657142857,117.2,98.3,0.8828,53.8,48,18.5,18.6,34.2,28.5,33,32.7,51.9,48.8,37.4,31.1,0.7,R32,10,Notre Dame,1,18,Ohio St.,0,NA,NA,NA,NA,NA,NA,NA,NA,NA,NA,NA,NA
Iowa St.,2014,B12,36,28,0.777777778,118.6,98.8,0.8903,54.2,47.7,14.5,15.9,28.8,28.5,36.4,30.7,54.4,46,35.8,34.1,7.5,S16,3,North Carolina Central,1,18,North Carolina,1,2,Connecticut,0,NA,NA,NA,NA,NA,NA,NA,NA,NA
Iowa St.,2015,B12,34,25,0.735294118,116.9,95.6,0.9103,54.3,47.6,15.8,18.5,28.3,29.6,36.5,24,54.3,45.2,36.2,34.7,7,R64,3,UAB,0,NA,NA,NA,NA,NA,NA,NA,NA,NA,NA,NA,NA,NA,NA,NA
Iowa St.,2016,B12,35,23,0.657142857,121.4,98.6,0.9162,57.1,49.8,15.7,16.8,26.2,30.1,26.1,24.9,56.7,49.5,38.7,33.5,3.6,S16,3,Iona,1,13,Arkansas Little Rock,1,17,Virginia,0,NA,NA,NA,NA,NA,NA,NA,NA,NA
Iowa St.,2017,B12,35,24,0.685714286,120,96.2,0.9265,55,49,14.1,19.5,25.7,31.6,27.6,25.6,51.8,47.5,40,34.6,6.5,R32,5,Nevada,1,11,Purdue,0,NA,NA,NA,NA,NA,NA,NA,NA,NA,NA,NA,NA
Iowa St.,2019,B12,35,23,0.657142857,118.4,96.6,0.912,54.7,48.4,16.3,18.8,28.3,30.1,30,23.6,55,47.1,36.2,33.6,4.3,R64,6,Ohio St.,0,NA,NA ,NA ,NA ,NA ,NA ,NA ,NA ,NA ,NA ,NA ,NA ,NA ,NA ,NA 
Iowa,2015,B10,34,22,0.647058824,114,92,0.9211,48.1,45.6,17.1,18.9,35.6,30.3,38,29.1,47.3,43.7,33.3,32.6,2.1,R32,7,Davidson,1,31,Gonzaga,0,NA,NA,NA,NA,NA,NA,NA,NA,NA,NA,NA,NA
Iowa,2016,B10,33,22,0.666666667,114.4,95.8,0.8853,51.3,48,14.8,18.8,31.9,31.3,33,25,48.7,48.7,37.4,31.3,2,R32,7,Temple,1,2,Villanova,0,NA,NA,NA,NA,NA,NA,NA,NA,NA,NA,NA,NA
Iowa,2019,B10,35,23,0.657142857,116.1,100.6,0.8385,52.7,51.5,17.2,18.4,29.8,29.4,42.3,28.8,51.4,53.5,36.4,32.4,3.2,R32,10,Temple,1,7,Tennessee,0,NA ,NA ,NA ,NA ,NA ,NA ,NA ,NA ,NA ,NA ,NA ,NA 
Jacksonville St.,2017,OVC,33,20,0.606060606,104.4,104.2,0.5054,52.6,49.4,20.7,16.6,31.2,28.5,33.4,34.4,50.8,45.1,37.2,37.8,-8,R64,15,Louisville,0,NA,NA,NA,NA,NA,NA,NA,NA,NA,NA,NA,NA,NA,NA,NA
James Madison,2013,CAA,36,21,0.583333333,98.5,99.4,0.4736,47.6,48.7,17.2,21.1,29.6,31.1,36.8,39.2,46.2,46.9,33.6,34.7,-8.9,R64,16,Indiana,0,NA,NA,NA,NA,NA,NA,NA,NA,NA,NA,NA,NA,NA,NA,NA
Kansas St.,2013,B12,34,26,0.764705882,113.4,94.5,0.8896,49.1,47.5,18.2,22.2,38.5,33.8,31.7,36.8,46.8,46.5,35.8,33.3,5.4,R64,4,La Salle,0,NA,NA,NA,NA,NA,NA,NA,NA,NA,NA,NA,NA,NA,NA,NA
Kansas St.,2014,B12,33,20,0.606060606,107.9,92.9,0.8473,48.8,45.3,18.5,19,34.7,33.2,40.3,45.4,48.3,45.9,33.1,29.3,0.5,R64,9,Kentucky,0,NA,NA,NA,NA,NA,NA,NA,NA,NA,NA,NA,NA,NA,NA,NA
Kansas St.,2017,B12,35,21,0.6,112.2,94.2,0.8818,52.7,49.6,19.1,22.1,29.5,32.3,41.1,33.4,51.8,45.5,36.2,38.2,1.7,R64,11,Cincinnati,0,NA,NA,NA,NA,NA,NA,NA,NA,NA,NA,NA,NA,NA,NA,NA
Kansas St.,2018,B12,37,25,0.675675676,109.6,93.7,0.8584,52.6,49.1,17.2,21.6,25.9,31.9,33.8,36.8,53.4,48.9,34.1,33,2.5,E8,9,Creighton,1,10,UMBC,1,7,Kentucky,1,3,Loyola Chicago,0,NA,NA,NA,NA,NA,NA
Kansas St.,2019,B12,34,25,0.735294118,108,87.8,0.9151,49.4,48.2,17.4,22.8,28.3,25.7,30.6,30.7,48.9,49,33.4,31.4,6.5,R64,4,UC Irvine,0,NA,NA ,NA ,NA ,NA ,NA ,NA ,NA ,NA ,NA ,NA ,NA ,NA ,NA ,NA 
Kansas,2013,B12,37,31,0.837837838,111.6,86.2,0.9514,53.3,41.5,20.3,18.4,33.8,29.3,39.5,32,52.9,39.3,36.4,30.3,7.5,S16,1,Western Kentucky,1,7,North Carolina,1,12,Michigan,0,NA,NA,NA,NA,NA,NA,NA,NA,NA
Kansas,2014,B12,35,25,0.714285714,119.2,95.6,0.927,54.2,47.1,19.1,16.4,37.3,28.8,48.3,45.5,55.5,44.3,34,35.5,6.9,R32,2,E Kentucky,1,11,Stanford,0,NA,NA,NA,NA,NA,NA,NA,NA,NA,NA,NA,NA
Kansas,2015,B12,36,27,0.75,113.6,90.6,0.9308,49.4,44.6,19.2,17.5,34.9,31.6,42.6,33.8,46.4,43.4,37.9,31.5,9,R32,2,New Mexico St.,1,19,Wichita St.,0,NA,NA,NA,NA,NA,NA,NA,NA,NA,NA,NA,NA
Kansas,2016,B12,37,32,0.864864865,120.9,90.4,0.9662,55.7,45.1,17.8,18.5,32.2,27.9,38.6,37.3,52.7,43.4,41.3,32.5,11.6,E8,1,Austin Peay,1,26,Connecticut,1,12,Maryland,1,16,Villanova,0,NA,NA,NA,NA,NA,NA
Kansas,2017,B12,36,31,0.861111111,121.5,94.5,0.9472,56.1,48.1,17.6,18.6,34.1,29.7,36,30,53.6,45.3,40.4,35.6,11,E8,1,UC Davis,1,38,Michigan St.,1,20,Purdue,1,32,Oregon,0,NA,NA,NA,NA,NA,NA
Kansas,2018,B12,39,31,0.794871795,122.1,96.4,0.9385,57.5,49.1,16.6,18.2,29.4,31.2,27,24.6,55.6,48.6,40.1,33.3,8.2,F4,1,Penn,1,16,Seton Hall,1,4,Clemson,1,4,Duke,1,4,Villanova,0,NA,NA,NA
Kansas,2019,B12,36,26,0.722222222,112.9,92.4,0.9092,52.6,47.8,18.8,18.2,30.1,27.9,32.5,27.8,52.6,46,35,33.6,8.3,R32,4,Northeastern,1,34,Auburn,0,NA ,NA ,NA ,NA ,NA ,NA ,NA ,NA ,NA ,NA ,NA ,NA 
Kent St.,2017,MAC,35,22,0.628571429,104.1,102.9,0.5322,48.2,50.1,17.9,19,38.1,29.8,32.5,34.3,48.5,48.5,31.7,35.3,-7.2,R64,14,UCLA,0,NA,NA,NA,NA,NA,NA,NA,NA,NA,NA,NA,NA,NA,NA,NA
Kentucky,2014,SEC,40,29,0.725,117.2,96.2,0.9062,49.9,46,18.1,16.1,42,29.7,51.8,36.8,50,44.9,33.2,32.2,3.9,2ND,8,Kansas St.,1,7,Wichita St.,1,2,Louisville,1,5,Michigan,1,3,Wisconsin,1,1,Connecticut,0
Kentucky,2015,SEC,39,38,0.974358974,120.3,84,0.9842,51.5,39.6,16.3,21.3,39.5,31.8,43.9,31.7,51.2,39.1,34.9,27.1,13.1,F4,1,Hampton,1,23,Cincinnati,1,13,West Virginia,1,39,Notre Dame,1,2,Wisconsin,0,NA,NA,NA
Kentucky,2016,SEC,36,27,0.75,123.2,95.1,0.9517,53.5,44.5,16.2,18,37.5,31.9,37.8,40.8,52.9,42.7,36.6,32.6,5,R32,4,Stony Brook,1,28,Indiana,0,NA,NA,NA,NA,NA,NA,NA,NA,NA,NA,NA,NA
Kentucky,2017,SEC,38,32,0.842105263,118.3,91.3,0.9517,52.9,47.5,15.7,19.2,33.5,27.7,40.9,33.5,52.9,48.3,35.3,30.6,9,E8,2,Northern Kentucky,1,9,Wichita St.,1,3,UCLA,1,11,North Carolina,0,NA,NA,NA,NA,NA,NA
Kentucky,2018,SEC,37,26,0.702702703,115.8,95.6,0.9,51.8,46.8,18.6,16.8,35.7,31,44,32.3,51.2,48,35.7,30.1,4.3,S16,5,Davidson,1,5,Buffalo,1,20,Kansas St.,0,NA,NA,NA,NA,NA,NA,NA,NA,NA
Kentucky,2019,SEC,37,30,0.810810811,117.5,89.8,0.9568,53,46.6,18.6,17.9,36.8,25.5,41.9,26.8,52.9,43.6,35.4,34.3,8.8,E8,2,Abilene Christian,1,35,Wofford,1,6,Houston,1,4,Auburn,0,NA ,NA ,NA ,NA ,NA ,NA 
La Salle,2013,A10,34,24,0.705882353,112,96.2,0.8516,51.9,49.3,17.1,21.3,29,34.2,31.3,28.5,49.3,50.6,37.7,30.2,0.3,S16,13,Kansas St.,1,2,Mississippi,1,2,Wichita St.,0,NA,NA,NA,NA,NA,NA,NA,NA,NA
Lafayette,2015,Pat,32,19,0.59375,109.8,114.5,0.3839,55.8,53.5,17.1,16.8,27.7,34.5,30.4,27.5,52.8,51.5,40.8,38,-7.1,R64,16,Villanova,0,NA,NA,NA,NA,NA,NA,NA,NA,NA,NA,NA,NA,NA,NA,NA
Liberty,2019,BSth,33,29,0.878787879,109.2,99.6,0.7428,55.9,48.9,17.2,20.5,25.2,26.4,26.7,32.7,56.4,48.3,36.8,33.3,-0.6,R32,12,Mississippi St. ,1,4,Virginia Tech,0,NA,NA,NA,NA,NA ,NA ,NA,NA,NA,NA,NA,NA
Lipscomb,2018,ASun,30,23,0.766666667,103.2,101.8,0.5375,51.5,52,20,19.9,27.4,24.3,40.6,38.4,53.2,52.8,32.7,33.8,-3.2,R64,15,North Carolina,0,NA,NA,NA,NA,NA,NA,NA,NA,NA,NA,NA,NA,NA,NA,NA
Louisiana Lafayette,2014,SB,32,20,0.625,110.5,104.5,0.6557,51.5,50.4,18.8,18.5,36.5,31.8,44.3,44,49.6,50.6,37.1,33.2,-3.8,R64,14,Creighton,0,NA,NA,NA,NA,NA,NA,NA,NA,NA,NA,NA,NA,NA,NA,NA
Louisville,2013,BE,40,35,0.875,115.9,84.5,0.9743,50.6,44.8,18.3,27,38.2,33.3,40,34.9,50.8,43.4,33.3,31.8,9,Champions,1,North Carolina A&T,1,31,Colorado St.,1,6,Oregon,1,8,Duke,1,22,Wichita St.,1,4,Michigan,1
Louisville,2014,Amer,37,31,0.837837838,118.8,87.6,0.971,53.5,43.9,15.3,25,37.1,32.7,41.2,38.4,52.7,44.3,36.8,28.6,5.3,S16,4,Manhattan,1,7,Saint Louis,1,15,Kentucky,0,NA,NA,NA,NA,NA,NA,NA,NA,NA
Louisville,2015,ACC,36,27,0.75,109.4,87.4,0.929,47.7,44,17.2,21.3,34.7,30.8,38.7,33.3,48.4,43.3,30.7,30.3,5.8,E8,4,UC Irvine,1,13,Northern Iowa,1,13,North Carolina St.,1,10,Michigan St.,0,NA,NA,NA,NA,NA,NA
Louisville,2017,ACC,34,25,0.735294118,117.6,91.5,0.9469,51.4,45.7,16,19.6,36.7,28.5,34,38.8,50.5,44.8,35.5,31.6,6.9,R32,2,Jacksonville St.,1,15,Michigan,0,NA,NA,NA,NA,NA,NA,NA,NA,NA,NA,NA,NA
Louisville,2019,ACC,34,20,0.588235294,112.9,93.1,0.9023,50.9,46.7,17.5,16.1,29.1,25.9,34.9,32,50.6,46,34.2,32,2.3,R64,7,Minnesota,0,NA,NA ,NA ,NA ,NA ,NA ,NA ,NA ,NA ,NA ,NA ,NA ,NA ,NA ,NA 
Loyola Chicago,2018,MVC,37,32,0.864864865,110.5,95.4,0.8444,57.7,47.4,19.1,19.4,22.1,25.9,32.2,25.2,56.6,47.1,39.8,32,2,F4,11,Miami FL,1,2,Tennessee,1,1,Nevada,1,1,Kansas St.,1,16,Michigan,0,NA,NA,NA
LSU,2015,SEC,33,22,0.666666667,107.8,92.8,0.8477,50.3,44.6,20.2,19.1,33.9,32.9,33.5,29.4,50.1,43.9,33.9,30.9,0.5,R64,9,North Carolina St.,0,NA,NA,NA,NA,NA,NA,NA,NA,NA,NA,NA,NA,NA,NA,NA
LSU,2019,SEC,35,28,0.8,117.9,96.6,0.9081,51.2,49.9,17.9,20.1,36.7,30.8,37.1,33.1,52.9,49.4,31.9,33.7,7.3,S16,3,Yale,1,5,Maryland,1,2,Michigan St.,0,NA,NA,NA,NA ,NA ,NA ,NA ,NA ,NA 
Manhattan,2014,MAAC,33,25,0.757575758,106.2,96.4,0.7519,50.7,45.4,19.7,21.7,34.4,33.3,55.5,52.8,48.7,44,36.9,32.7,-0.5,R64,13,Louisville,0,NA,NA,NA,NA,NA,NA,NA,NA,NA,NA,NA,NA,NA,NA,NA
Marquette,2013,BE,35,26,0.742857143,113,93.2,0.902,49.6,46.2,20.9,19.5,38.4,33.1,40.9,31.7,51.6,44.9,29.6,32.3,4.5,E8,3,Davidson,1,1,Butler,1,2,Miami FL,1,10,Syracuse,0,NA,NA,NA,NA,NA,NA
Marquette,2017,BE,32,19,0.59375,121.8,101.8,0.8881,57.5,52.2,17.3,18.3,27.1,29.2,31,35.7,52.7,50.6,42.9,36.8,0.6,R64,10,South Carolina,0,NA,NA,NA,NA,NA,NA,NA,NA,NA,NA,NA,NA,NA,NA,NA
Marquette,2019,BE,34,24,0.705882353,111.7,95.9,0.8524,53.5,46.3,19.4,16.6,29.4,26.1,35.1,35.9,50,45.1,38.8,32.4,2.7,R64,5,Murray St.,0,NA,NA ,NA ,NA ,NA ,NA ,NA ,NA ,NA ,NA ,NA ,NA ,NA ,NA ,NA 
Marshall,2018,CUSA,35,25,0.714285714,108.8,102.5,0.6633,54.7,49.9,17.2,18.4,22.4,32.3,33.1,28.9,55.5,48.7,35.9,35,-2.5,R32,13,Wichita St.,1,6,West Virginia,0,NA,NA,NA,NA,NA,NA,NA,NA,NA,NA,NA,NA
Maryland,2015,B10,35,28,0.8,110.2,94,0.8619,51.2,45.5,18.9,17.2,28.9,30.5,44.5,28.1,48,44.1,37.6,31.8,6.9,R32,4,Valparaiso,1,3,West Virginia,0,NA,NA,NA,NA,NA,NA,NA,NA,NA,NA,NA,NA
Maryland,2016,B10,35,26,0.742857143,114.9,96.3,0.8839,55.2,46.5,18.9,16.4,29.1,29.9,37,27,55.8,45.5,36.2,32.1,4,S16,5,South Dakota St.,1,5,Hawaii,1,13,Kansas,0,NA,NA,NA,NA,NA,NA,NA,NA,NA
Maryland,2017,B10,32,24,0.75,113.4,97.9,0.8448,52.4,47.5,19,18,30.4,32.3,38.5,32.6,51,45.6,36.3,34.2,3.7,R64,6,Xavier,0,NA,NA,NA,NA,NA,NA,NA,NA,NA,NA,NA,NA,NA,NA,NA
Maryland,2019,B10,34,23,0.676470588,111.6,93.3,0.8875,51.4,45.9,19.4,14.1,34.1,24.8,32.8,26.6,50.8,44.7,34.9,31.9,4.2,R32,6,Belmont,1,2,LSU,0,NA ,NA ,NA ,NA ,NA ,NA ,NA,NA,NA,NA,NA,NA
Massachusetts,2014,A10,33,24,0.727272727,109,96.9,0.7952,50.4,46.6,18.8,18.7,34.3,31.7,39.2,37.2,49.9,46.8,34.6,30.8,3.6,R64,6,Tennesse,0,NA,NA,NA,NA,NA,NA,NA,NA,NA,NA,NA,NA,NA,NA,NA
Memphis,2013,CUSA,36,31,0.861111111,106.1,90.2,0.8672,52.4,45.5,20.7,22.1,35.6,31.1,37.2,34.9,51.1,43.8,37.2,33,4.5,R32,6,Saint Mary's,1,2,Michigan St.,0,NA,NA,NA,NA,NA,NA,NA,NA,NA,NA,NA,NA
Memphis,2014,Amer,33,23,0.696969697,112.6,97,0.8479,51.9,48.4,18.6,20.3,35.8,33.3,39.5,33.8,52.7,49.2,33,31,2.8,R32,8,George Washington,1,5,Virginia,0,NA,NA,NA,NA,NA,NA,NA,NA,NA,NA,NA,NA
Mercer,2014,ASun,33,24,0.727272727,109.6,101.8,0.6993,54,46.8,17.5,19,32,31.1,37.3,41,51.6,46.9,38.8,31,-2.8,R32,14,Duke,1,7,Tennessee,0,NA,NA,NA,NA,NA,NA,NA,NA,NA,NA,NA,NA
Miami FL,2013,ACC,36,29,0.805555556,112.4,90.8,0.9207,51.9,45.7,16.7,18.4,31.3,28.4,34.6,28.3,50.6,44,36.2,32.6,6.3,S16,2,Pacific,1,29,Illinois,1,4,Marquette,0,NA,NA,NA,NA,NA,NA,NA,NA,NA
Miami FL,2016,ACC,35,27,0.771428571,119.4,96.5,0.9203,54.2,48.3,16.5,17.4,30.1,29.5,40.7,29.1,53.2,46.9,37.5,34.4,6.9,S16,3,Buffalo,1,7,Wichita St.,1,8,Villanova,0,NA,NA,NA,NA,NA,NA,NA,NA,NA
Miami FL,2017,ACC,33,21,0.636363636,110.8,93.1,0.8804,51,47.6,19.5,18.3,33.4,28.2,34.3,28.7,49.8,46.6,35.6,33,2.9,R64,8,Michigan St.,0,NA,NA,NA,NA,NA,NA,NA,NA,NA,NA,NA,NA,NA,NA,NA
Miami FL,2018,ACC,32,22,0.6875,113.3,96.6,0.8623,53.1,49,16.8,18.8,29.1,28.2,29.1,28.1,52.2,48.8,36.4,32.8,2.7,R64,6,Loyola Chicago,0,NA,NA,NA,NA,NA,NA,NA,NA,NA,NA,NA,NA,NA,NA,NA
Michigan St.,2013,B10,35,26,0.742857143,111.4,87.8,0.9392,50.6,44.5,20.8,19.2,36.1,27.6,36.6,32.4,50.4,44.3,34.1,30.1,6.7,S16,3,Valparaiso,1,11,Memphis,1,22,Duke,0,NA,NA,NA,NA,NA,NA,NA,NA,NA
Michigan St.,2014,B10,38,29,0.763157895,119.6,95.3,0.9319,54.5,45.8,17.4,17.7,32.9,27.5,33.7,40.3,52.1,43.5,39.2,33.2,6.9,E8,4,Delaware,1,15,Harvard,1,7,Virginia,1,2,Connecticut,0,NA,NA,NA,NA,NA,NA
Michigan St.,2015,B10,39,27,0.692307692,116.3,92.6,0.9327,53.2,44.9,17.5,16.5,33.5,27,32.7,39,50.8,43.8,38.5,31.5,3,F4,7,Georgia,1,7,Virginia,1,6,Oklahoma,1,4,Louisville,1,6,Duke,0,NA,NA,NA
Michigan St.,2016,B10,35,29,0.828571429,122.5,96,0.9428,56.3,43.3,17.6,14.2,37.1,24.3,30,34.1,51.4,41.7,43.4,31,7.2,R64,2,Middle Tennessee,0,NA,NA,NA,NA,NA,NA,NA,NA,NA,NA,NA,NA,NA,NA,NA
Michigan St.,2017,B10,35,20,0.571428571,111.6,94.9,0.8661,54,46.7,20.5,15.9,29.2,27.3,33.5,34.7,52.9,44.1,37.3,34.6,0.4,R32,9,Miami FL,1,20,Kansas,0,NA,NA,NA,NA,NA,NA,NA,NA,NA,NA,NA,NA
Michigan St.,2018,B10,35,30,0.857142857,118.9,94.3,0.9347,56.9,42.7,19.2,14.6,37,26.6,35.9,30.7,55.2,38.4,40.1,33.7,8,R32,3,Bucknell,1,4,Syracuse,0,NA,NA,NA,NA,NA,NA,NA,NA,NA,NA,NA,NA
Michigan St.,2019,B10,39,32,0.820512821,119.9,91,0.9597,55.2,43.9,18.5,14.9,33.9,26.4,33.6,27.5,54.3,41.9,37.8,31.6,10.7,F4,2,Bradley,1,11,Minnesota,1,20,LSU,1,17,Duke,1,1,Texas Tech,0,NA ,NA ,NA 
Michigan,2013,B10,38,30,0.789473684,121.5,93.7,0.9522,54.6,48,14.6,18.7,32.5,29.4,28.4,22.7,53.4,47.6,37.9,32.6,6.2,2ND,4,South Dakota St.,1,15,VCU,1,25,Kansas,1,2,Florida,1,20,Syracuse,1,5,Louisville,0
Michigan,2014,B10,37,28,0.756756757,125,99.9,0.9295,55.7,49.4,14.8,17.1,29.4,30.5,34.9,26.7,52.7,50.2,40.2,31.8,7.7,E8,2,Wofford,1,14,Texas,1,14,Tennessee,1,2,Kentucky,0,NA,NA,NA,NA,NA,NA
Michigan,2016,B10,35,22,0.628571429,113.4,99.4,0.82,54.5,51.4,14.5,17.9,24.8,26.4,27.8,27,52.6,51.1,38,34.7,0.8,R64,11,Notre Dame,0,NA,NA,NA,NA,NA,NA,NA,NA,NA,NA,NA,NA,NA,NA,NA
Michigan,2017,B10,38,26,0.684210526,123.3,97.6,0.9366,57,51.9,14.2,19.5,24.7,30,30.1,27.2,56.3,50,38.5,37.8,3.8,S16,7,Oklahoma St.,1,1,Louisville,1,4,Oregon,0,NA,NA,NA,NA,NA,NA,NA,NA,NA
Michigan,2018,B10,40,33,0.825,114.4,90.4,0.9375,53.9,47.7,14,19.5,25.5,24.9,30.7,30,54.7,46.8,35.2,33.2,6.9,2ND,3,Montana,1,14,Houston,1,1,Texas A&M,1,27,Florida St.,1,4,Loyola Chicago,1,12,Villanova,0
Michigan,2019,B10,37,30,0.810810811,114.6,85.6,0.9665,51.6,44.1,13.9,18,24.7,24.8,27.5,24.1,51.8,44.3,34.2,29.1,9.2,S16,2,Montana,1,19,Florida,1,15,Texas Tech,0,NA ,NA ,NA ,NA ,NA ,NA ,NA ,NA ,NA 
Middle Tennessee,2016,CUSA,33,23,0.696969697,103.9,99.5,0.6224,51.7,49.4,17.1,19.4,28.7,25.7,34.9,42.4,47.8,48,39.2,34.7,-3.2,R32,15,Michigan St.,1,9,Syracuse,0,NA,NA,NA,NA,NA,NA,NA,NA,NA,NA,NA,NA
Middle Tennessee,2017,CUSA,35,31,0.885714286,111.2,96.6,0.8339,54.1,47.9,15.6,19.8,30.1,23.8,30,38.2,53.6,47.1,36.9,32.8,2,R32,12,Minnesota,1,9,Butler,0,NA,NA,NA,NA,NA,NA,NA,NA,NA,NA,NA,NA
Milwaukee,2014,Horz,34,20,0.588235294,104.3,103.9,0.5123,49.1,49.1,19.9,18.5,28.6,31.2,44.7,36.5,49.1,50.4,32.7,31,-6.1,R64,15,Villanova,0,NA,NA,NA,NA,NA,NA,NA,NA,NA,NA,NA,NA,NA,NA,NA
Minnesota,2013,B10,34,21,0.617647059,112.6,92.5,0.905,49.3,45.6,21.6,20.2,43.6,33.2,41.6,36.7,48.8,42.8,33.7,33.9,2.1,R32,11,UCLA,1,20,Florida,0,NA,NA,NA,NA,NA,NA,NA,NA,NA,NA,NA,NA
Minnesota,2017,B10,34,24,0.705882353,109.3,92.9,0.8665,48.7,45.1,16.1,17.6,29.7,30.2,39.6,29.2,47.5,44.5,34.3,30.9,3.7,R64,5,Middle Tennessee,0,NA,NA,NA,NA,NA,NA,NA,NA,NA,NA,NA,NA,NA,NA,NA
Minnesota,2019,B10,36,22,0.611111111,110.4,96.3,0.8284,48.2,49.5,17.1,16.9,31.4,28.4,41.6,28.2,48.5,48.7,31.7,34,2.7,R32,10,Louisville,1,10,Michigan St.,0,NA,NA,NA,NA,NA,NA,NA,NA,NA,NA,NA,NA
Mississippi St.,2019,SEC,34,23,0.676470588,116.9,96.8,0.898,54.6,50.3,19.2,19.5,34.7,29.6,32.7,32.1,53.4,48.4,37.7,35.7,4.5,R64,5,Liberty,0,NA,NA ,NA ,NA ,NA ,NA ,NA ,NA ,NA ,NA ,NA ,NA ,NA ,NA ,NA 
Mississippi,2013,SEC,36,27,0.75,110,95.6,0.834,49.1,46.4,15.9,21.5,34.1,31.8,38.8,31.1,49.4,46.2,32.4,31.3,1.6,R32,12,Wisconsin,1,11,La Salle,0,NA,NA,NA,NA,NA,NA,NA,NA,NA,NA,NA,NA
Mississippi,2015,SEC,34,21,0.617647059,112.2,99.2,0.8037,47.8,47.6,16.5,18.7,34.8,31.4,36.1,41.2,46.8,43.6,33.2,35.8,-0.5,R64,11,Xavier,0,NA,NA,NA,NA,NA,NA,NA,NA,NA,NA,NA,NA,NA,NA,NA
Mississippi,2019,SEC,33,20,0.606060606,113.3,97.9,0.8433,53.1,51,18.2,20.6,30.2,29.3,30.9,33.5,52.7,48.2,35.8,37.4,0.9,R64,8,Oklahoma,0,NA,NA ,NA ,NA ,NA ,NA ,NA ,NA ,NA ,NA ,NA ,NA ,NA ,NA ,NA 
Missouri,2013,SEC,34,23,0.676470588,113.3,95.2,0.8815,51.2,46.1,18.9,17.6,38.7,28.6,35,29.7,51.4,44.1,33.9,33.2,1.2,R64,9,Colorado St.,0,NA,NA,NA,NA,NA,NA,NA,NA,NA,NA,NA,NA,NA,NA,NA
Missouri,2018,SEC,32,20,0.625,111,96,0.842,54.1,46.7,20.8,16,30.3,27.9,38.3,30.3,50.3,45.4,39,32.7,0.4,R64,8,Florida St.,0,NA,NA,NA,NA,NA,NA,NA,NA,NA,NA,NA,NA,NA,NA,NA
Montana,2013,BSky,30,23,0.766666667,101.6,101.8,0.4929,52.9,48.6,19.1,18.3,25.1,30.5,40.6,35.9,52,48,36.4,33.3,-1.4,R64,13,Syracuse,0,NA,NA,NA,NA,NA,NA,NA,NA,NA,NA,NA,NA,NA,NA,NA
Montana,2018,BSky,32,26,0.8125,106.7,98.4,0.7184,51.2,48.4,17.4,21.2,33.5,26.1,38.3,41.4,51.4,46.3,33.7,35.2,-1.1,R64,14,Michigan,0,NA,NA,NA,NA,NA,NA,NA,NA,NA,NA,NA,NA,NA,NA,NA
Montana,2019,BSky,33,26,0.787878788,106.2,103.2,0.5812,56.1,50.1,17.3,19.2,27.4,24.9,31.6,37.3,55.6,49.3,37.8,34.4,-3.2,R64,15,Michigan,0,NA,NA ,NA ,NA ,NA ,NA ,NA ,NA ,NA ,NA ,NA ,NA ,NA ,NA ,NA 
Mount St. Mary's,2017,NEC,36,20,0.555555556,98.9,101.8,0.4155,51,49.9,19.2,21.7,23.1,34.8,32.4,32.6,49.4,49.5,35.8,34.1,-7.9,R64,16,Villanova,0,NA,NA,NA,NA,NA,NA,NA,NA,NA,NA,NA,NA,NA,NA,NA
Murray St.,2018,OVC,30,26,0.866666667,110.6,100.8,0.7449,55,47.2,17.6,18,32.9,27.6,37.3,30.5,54.4,47.6,37.2,30.9,-0.4,R64,12,West Virginia,0,NA,NA,NA,NA,NA,NA,NA,NA,NA,NA,NA,NA,NA,NA,NA
Murray St.,2019,OVC,31,28,0.903225806,110.4,98.6,0.7852,54.8,46.5,17.2,19.4,32,30.7,33.5,27.4,56.2,48.3,34.9,28.9,1.2,R32,12,Marquette,1,19,Florida St.,0,NA ,NA ,NA ,NA ,NA ,NA ,NA ,NA ,NA ,NA ,NA ,NA 
Nebraska,2014,B10,32,19,0.59375,108.2,95,0.8172,48.3,47.6,16.7,19,25.7,29,42.3,44.9,47.4,47.8,33.3,31.5,1.3,R64,11,Baylor,0,NA,NA,NA,NA,NA,NA,NA,NA,NA,NA,NA,NA,NA,NA,NA
Nevada,2017,MWC,35,28,0.8,113.7,100.7,0.8021,52.5,48.3,15.5,15.9,30.4,26.3,41.3,28.2,49.2,49.3,38.2,31,1.7,R64,12,Iowa St.,0,NA,NA,NA,NA,NA,NA,NA,NA,NA,NA,NA,NA,NA,NA,NA
Nevada,2018,MWC,37,29,0.783783784,118.9,102.5,0.8462,54.8,49.4,13.5,18,26.7,29.3,36.3,30.1,52.1,50.7,39.2,31.7,2.5,S16,7,Texas,1,4,Cincinnati,1,2,Loyola Chicago,0,NA,NA,NA,NA,NA,NA,NA,NA,NA
Nevada,2019,MWC,34,29,0.852941176,112.5,95.9,0.8618,53.7,47.7,14.6,19.2,27.2,24.9,40.8,28,54.9,46.3,34.7,33.2,3.8,R64,7,Florida,0,NA,NA ,NA ,NA ,NA ,NA ,NA ,NA ,NA ,NA ,NA ,NA ,NA ,NA ,NA 
New Mexico St.,2013,WAC,34,23,0.676470588,102.5,95.3,0.6992,49.3,45.4,21.9,18.6,36.9,29.8,47,30.7,49.8,43.2,31.8,33.9,-3.1,R64,13,Saint Louis,0,NA,NA,NA,NA,NA,NA,NA,NA,NA,NA,NA,NA,NA,NA,NA
New Mexico St.,2014,WAC,35,25,0.714285714,111.6,102,0.7385,53.2,44.4,18.7,16.1,37.7,33,53.9,34.1,52.9,42.7,36.1,33.2,-2.3,R64,13,San Diego St.,0,NA,NA,NA,NA,NA,NA,NA,NA,NA,NA,NA,NA,NA,NA,NA
New Mexico St.,2015,WAC,32,21,0.65625,103.9,98.1,0.6613,50.6,46.4,21.8,20.6,39.3,31,44.3,32.5,49.3,46.4,36.2,30.8,-4.5,R64,15,Kansas,0,NA,NA,NA,NA,NA,NA,NA,NA,NA,NA,NA,NA,NA,NA,NA
New Mexico St.,2017,WAC,31,28,0.903225806,109.4,102.5,0.6783,52.7,47.9,19.5,19.1,35.6,28.5,43.3,35.2,54.2,49.1,33.5,30.3,-0.2,R64,14,Baylor,0,NA,NA,NA,NA,NA,NA,NA,NA,NA,NA,NA,NA,NA,NA,NA
New Mexico St.,2018,WAC,31,28,0.903225806,106.8,95,0.7927,51.6,46,17.4,19,33.8,22.5,29.1,33,52,45.7,34,31.1,1.3,R64,12,Clemson,0,NA,NA,NA,NA,NA,NA,NA,NA,NA,NA,NA,NA,NA,NA,NA
New Mexico St.,2019,WAC,33,30,0.909090909,111.8,98.2,0.8155,54.1,48.9,17.8,19.1,37,22.5,34.6,32.5,56.7,48,34,33.5,1.4,R64,12,Auburn,0,NA,NA ,NA ,NA ,NA ,NA ,NA ,NA ,NA ,NA ,NA ,NA ,NA ,NA ,NA 
New Mexico,2013,MWC,35,29,0.828571429,107,91.1,0.8641,48.4,45.9,17.6,19.5,29.3,27.6,45.7,25.7,46.1,42,35.1,34.6,6.9,R64,3,Harvard,0,NA,NA,NA,NA,NA,NA,NA,NA,NA,NA,NA,NA,NA,NA,NA
New Mexico,2014,MWC,34,27,0.794117647,112.8,95.7,0.8693,51.1,45,15.9,14.9,32.5,28.2,46.7,31.3,51.7,41.1,33.2,34.8,4.4,R64,7,Stanford,0,NA,NA,NA,NA,NA,NA,NA,NA,NA,NA,NA,NA,NA,NA,NA
North Carolina A&T,2013,MEAC,36,19,0.527777778,90.6,95.7,0.3459,45.7,45.2,22.7,23.4,29.8,33.2,42.6,41.1,45.4,43.4,30.7,32,-11.5,R64,16,Louisville,0,NA,NA,NA,NA,NA,NA,NA,NA,NA,NA,NA,NA,NA,NA,NA
North Carolina Central,2014,MEAC,32,26,0.8125,107.9,100.2,0.7018,50.2,44.4,17.2,23.7,35.4,33.1,49.5,44.8,50.8,43.2,32.5,31,-0.6,R64,14,Iowa St.,0,NA,NA,NA,NA,NA,NA,NA,NA,NA,NA,NA,NA,NA,NA,NA
North Carolina St.,2013,ACC,35,24,0.685714286,115.2,98,0.865,54.2,46.8,18,16.6,34.7,32.6,40.9,29,52.8,47.5,39.1,30.2,2.2,R64,8,Temple,0,NA,NA,NA,NA,NA,NA,NA,NA,NA,NA,NA,NA,NA,NA,NA
North Carolina St.,2014,ACC,36,22,0.611111111,114.8,101.4,0.8066,50,47.5,15.8,17.4,34.1,35.6,37,42.6,51.5,47.3,30.5,32.1,0.6,R64,12,Saint Louis,0,NA,NA,NA,NA,NA,NA,NA,NA,NA,NA,NA,NA,NA,NA,NA
North Carolina St.,2015,ACC,36,22,0.611111111,114.1,96.8,0.8684,49.3,45.5,16,14.9,33.9,30.2,35.3,34.7,47.3,43.6,35.6,33,1.1,S16,8,LSU,1,1,Villanova,1,3,Louisville,0,NA,NA,NA,NA,NA,NA,NA,NA,NA
North Carolina St.,2018,ACC,33,21,0.636363636,115.6,101.3,0.821,53.4,51.6,16.8,20.4,33.4,32,34.2,33.7,52.1,53.6,37.2,31.6,0.9,R64,9,Seton Hall,0,NA,NA,NA,NA,NA,NA,NA,NA,NA,NA,NA,NA,NA,NA,NA
North Carolina,2013,ACC,35,24,0.685714286,111.6,93,0.8902,49.3,48,17.2,21.5,34.6,31.6,28.2,27.1,46.3,46.3,37.2,34.4,2.5,R32,8,Villanova,1,7,Kansas,0,NA,NA,NA,NA,NA,NA,NA,NA,NA,NA,NA,NA
North Carolina,2014,ACC,34,24,0.705882353,113.4,94.7,0.8883,49.9,47,16.9,19.3,38.1,31.3,42.9,41.4,49.7,46.7,33.6,31.7,4.2,R32,6,Providence,1,2,Iowa St.,0,NA,NA,NA,NA,NA,NA,NA,NA,NA,NA,NA,NA
North Carolina,2015,ACC,38,26,0.684210526,119.6,92.5,0.9507,51.6,45.4,18.2,17.7,40,31.2,35.2,37.8,50.9,45.6,35.8,30,6.5,S16,4,Harvard,1,2,Arkansas,1,9,Wisconsin,0,NA,NA,NA,NA,NA,NA,NA,NA,NA
North Carolina,2016,ACC,40,33,0.825,123.3,94.9,0.9531,52.6,48.1,15.4,18.2,40.7,30,32.3,30.4,53.9,44.6,32.7,36.2,8.6,2ND,1,FGCU,1,16,Providence,1,19,Indiana,1,15,Notre Dame,1,14,Syracuse,1,17,Villanova,0
North Carolina,2017,ACC,39,33,0.846153846,121,91.5,0.9615,51.7,48.1,16.2,18.6,41.3,25,34.3,31.6,51,46.3,35.5,33.9,8.4,Champions,1,Texas Southern,1,39,Arkansas,1,7,Butler,1,12,Kentucky,1,2,Oregon,1,1,Gonzaga,1
North Carolina,2018,ACC,37,26,0.702702703,120.7,97.1,0.9242,52,50.1,16.7,16.3,37.4,25.5,28,26,51,45.3,35.9,38,7.1,R32,2,Lipscomb,1,18,Texas A&M,0,NA,NA,NA,NA,NA,NA,NA,NA,NA,NA,NA,NA
North Carolina,2019,ACC,36,29,0.805555556,120.1,91.4,0.9582,52.9,48.9,17.2,18.3,35.3,22.8,30.2,28.4,52.1,47.9,36.2,33.5,10,S16,1,Iona,1,15,Washington,1,22,Auburn,0,NA ,NA ,NA ,NA ,NA ,NA ,NA ,NA ,NA 
North Dakota St.,2014,Sum,30,23,0.766666667,113.9,103,0.7613,54.5,49.8,15.6,17.1,30.6,27.9,41.6,40.2,55.4,46.1,34.7,37.8,0.2,R32,12,Oklahoma,1,5,San Diego St.,0,NA,NA,NA,NA,NA,NA,NA,NA,NA,NA,NA,NA
North Dakota St.,2015,Sum,31,21,0.677419355,100.8,100.7,0.5035,49.7,48.1,16,16.5,26.1,23.7,35.7,30.7,45.5,45,38.2,36.2,-3.9,R64,15,Gonzaga,0,NA,NA,NA,NA,NA,NA,NA,NA,NA,NA,NA,NA,NA,NA,NA
North Dakota St.,2019,Sum,33,19,0.575757576,106.6,109,0.4369,53.5,53.6,15.7,14.4,20.7,25.9,32.2,26.5,52.1,52.6,36.7,37,-8.6,R64,16,Duke,0,NA,NA,NA,NA,NA,NA,NA,NA,NA,NA,NA,NA,NA,NA,NA
North Dakota,2017,BSky,29,22,0.75862069,103.1,102.7,0.5112,53.4,50.7,18.3,19.6,26,27.8,36.1,39.7,51.4,50,38.7,34.8,-5.3,R64,15,Arizona,0,NA,NA,NA,NA,NA,NA,NA,NA,NA,NA,NA,NA,NA,NA,NA
Northeastern,2015,CAA,35,23,0.657142857,107,101,0.6586,54.5,49.8,21.5,15.5,30.1,25.3,41.4,25,53,49.1,38.6,34.4,-4.6,R64,14,Notre Dame,0,NA,NA,NA,NA,NA,NA,NA,NA,NA,NA,NA,NA,NA,NA,NA
Northeastern,2019,CAA,34,23,0.676470588,109.1,102.5,0.6712,56.5,52.1,16.6,16.7,22.7,24.6,34.3,27.8,55.8,53,38.2,33.7,-2.8,R64,13,Kansas,0,NA,NA ,NA ,NA ,NA ,NA ,NA ,NA ,NA ,NA ,NA ,NA ,NA ,NA ,NA 
Northern Iowa,2015,MVC,35,31,0.885714286,115.4,93,0.9228,55.9,45.6,17.8,19.2,27,26.9,39.8,27,53.3,44,39.8,32.1,5.3,R32,5,Wyoming,1,17,Louisville,0,NA,NA,NA,NA,NA,NA,NA,NA,NA,NA,NA,NA
Northern Iowa,2016,MVC,35,22,0.628571429,109.7,96.7,0.8109,53.2,48.7,15.2,18.5,17.7,27.4,34.1,24.8,51.3,48.9,37.2,32.4,-2.1,R32,11,Texas,0,NA,NA,NA,NA,NA,NA,NA,NA,NA,NA,NA,NA,NA,NA,NA
Northern Kentucky,2017,Horz,33,24,0.727272727,105.5,104.1,0.537,52.4,49.7,18.8,17,31.2,26.4,36.5,30.5,51.6,50.2,35.7,32.4,-4.9,R64,15,Kentucky,0,NA,NA,NA,NA,NA,NA,NA,NA,NA,NA,NA,NA,NA,NA,NA
Northern Kentucky,2019,Horz,33,26,0.787878788,107.8,101.3,0.6719,54.6,49.1,17.8,18.4,30.6,26,34.8,35.2,55,49.9,36,32,-2.2,R64,14,Texas Tech,0,NA,NA ,NA ,NA ,NA ,NA ,NA ,NA ,NA ,NA ,NA ,NA ,NA ,NA ,NA 
Northwestern St.,2013,Slnd,28,19,0.678571429,104.8,102.1,0.573,49,47.8,19.2,21.7,34.8,37.3,40.3,40.5,50,46.8,31,33.9,-3.2,R64,14,Florida,0,NA,NA,NA,NA,NA,NA,NA,NA,NA,NA,NA,NA,NA,NA,NA
Northwestern,2017,B10,36,24,0.666666667,111.2,95.2,0.8564,49.7,46.1,16,17.9,30.8,30.6,30.5,36.1,48.8,44,34.2,33.3,2,R32,8,Vanderbilt,1,2,Vanderbilt,0,NA,NA,NA,NA,NA,NA,NA,NA,NA,NA,NA,NA
Notre Dame,2013,BE,35,25,0.714285714,112.9,95.4,0.8748,52.2,46.8,17.6,16,34,29.5,32,24.6,50.6,45.9,37,32.5,3.9,R64,7,Iowa St.,0,NA,NA,NA,NA,NA,NA,NA,NA,NA,NA,NA,NA,NA,NA,NA
Notre Dame,2015,ACC,38,32,0.842105263,125.3,98.6,0.9401,58.3,47.9,14.5,17.3,27.9,32.2,36.7,24.1,58.2,47.4,39,32.6,8.6,E8,3,Northeastern,1,4,Butler,1,3,Wichita St.,1,11,Kentucky,0,NA,NA,NA,NA,NA,NA
Notre Dame,2016,ACC,36,24,0.666666667,118.3,103.3,0.8269,54,49.5,15.3,14.8,32.7,32.1,32.9,26,52.9,46.5,37.4,36.9,2.3,E8,6,Michigan,1,7,SFA,1,1,Wisconsin,1,5,North Carolina,0,NA,NA,NA,NA,NA,NA
Notre Dame,2017,ACC,36,26,0.722222222,119.3,96.4,0.9205,53.6,49.1,14,18.7,27.3,30.8,28.6,26.7,50.9,48.2,38.4,33.8,5.9,R32,5,Princeton,1,2,West Virginia,0,NA,NA,NA,NA,NA,NA,NA,NA,NA,NA,NA,NA
Ohio St.,2013,B10,37,29,0.783783784,113.6,89.4,0.9406,50.6,45.4,16.2,20.7,31.8,28.2,35.5,29.5,49.4,43.6,35.6,32.4,7.2,E8,2,Iona,1,25,Iowa St.,1,3,Arizona,1,3,Wichita St.,0,NA,NA,NA,NA,NA,NA
Ohio St.,2014,B10,35,25,0.714285714,108.4,88.5,0.9107,50.3,45.2,17.2,21.9,29.6,29.6,42.3,29.8,51.1,45.9,32.4,29.3,4.5,R64,6,Dayton,0,NA,NA,NA,NA,NA,NA,NA,NA,NA,NA,NA,NA,NA,NA,NA
Ohio St.,2015,B10,35,24,0.685714286,113.9,93.1,0.9104,54.2,46.4,17,21.6,33.5,32,34.7,27.8,53.6,45.2,37,32.2,2.5,R32,10,VCU,1,3,Arizona,0,NA,NA,NA,NA,NA,NA,NA,NA,NA,NA,NA,NA
Ohio St.,2018,B10,34,25,0.735294118,116,94.3,0.9154,54.1,48.7,17.1,17.9,30.2,25.2,31.1,29.5,54.7,46.1,35.3,35.1,4.5,R32,5,South Dakota St.,1,8,Gonzaga,0,NA,NA,NA,NA,NA,NA,NA,NA,NA,NA,NA,NA
Ohio St.,2019,B10,35,20,0.571428571,107.8,93.8,0.8329,50.3,48.3,18.7,18.2,27.6,25.9,33.7,31.8,49.7,47.9,34.1,32.7,0.9,R32,11,Iowa St.,1,3,Houston,0,NA ,NA ,NA ,NA ,NA ,NA ,NA ,NA ,NA ,NA ,NA ,NA 
Oklahoma St.,2013,B12,33,24,0.727272727,107.1,88.6,0.8983,48.8,44.5,18.2,21.7,31.3,30.8,40.5,35.1,49.5,42.4,31.6,32.4,3.2,R64,5,Oregon,0,NA,NA,NA,NA,NA,NA,NA,NA,NA,NA,NA,NA,NA,NA,NA
Oklahoma St.,2014,B12,34,21,0.617647059,115.6,94.8,0.9067,52.4,46.3,14.7,20,28,32,49.7,41,51.3,45,36.4,32.7,1.4,R64,9,Gonzaga,0,NA,NA,NA,NA,NA,NA,NA,NA,NA,NA,NA,NA,NA,NA,NA
Oklahoma St.,2015,B12,31,17,0.548387097,110.7,95.4,0.8469,50.2,46.5,18.5,21.1,26.9,32.6,39,42.1,49.2,44.1,34.6,34.4,0.2,R64,9,Oregon,0,NA,NA,NA,NA,NA,NA,NA,NA,NA,NA,NA,NA,NA,NA,NA
Oklahoma St.,2017,B12,32,20,0.625,126.8,102.3,0.9221,54,53.2,18.2,20.3,38.3,31.9,37.4,45.4,50.4,52.4,40.3,36.4,3.3,R64,10,Michigan,0,NA,NA,NA,NA,NA,NA,NA,NA,NA,NA,NA,NA,NA,NA,NA
Oklahoma,2013,B12,32,20,0.625,110.3,95.6,0.8391,47.8,47.4,17.5,19.6,33.2,31.5,35.4,31.4,47.6,46.4,32.3,32.9,0.3,R64,10,San Diego St.,0,NA,NA,NA,NA,NA,NA,NA,NA,NA,NA,NA,NA,NA,NA,NA
Oklahoma,2014,B12,33,23,0.696969697,118.2,99.4,0.8793,51.7,49.7,15.7,17.8,32.4,30.4,39.4,38.5,48.7,48.8,37.9,34.2,4.1,R64,5,North Dakota St.,0,NA,NA,NA,NA,NA,NA,NA,NA,NA,NA,NA,NA,NA,NA,NA
Oklahoma,2015,B12,35,24,0.685714286,111.6,88.5,0.9349,49.3,44.1,17.6,19.7,31.5,31.4,32.8,28.4,48.2,42.2,34.3,31.7,4.5,S16,3,Albany,1,9,Dayton,1,6,Michigan St.,0,NA,NA,NA,NA,NA,NA,NA,NA,NA
Oklahoma,2016,B12,37,29,0.783783784,118.2,94.1,0.9326,54.3,47.2,18.3,17.7,31.2,30.5,33,28.3,48.2,45.3,42.2,33.7,8,F4,2,Cal St. Bakersfield,1,24,VCU,1,4,Texas A&M,1,7,Oregon,1,12,Villanova,0,NA,NA,NA
Oklahoma,2018,B12,32,18,0.5625,114.6,99.5,0.835,53.5,51,17.3,16.8,28.4,30,33.2,25.6,53.3,49.1,35.9,36.2,1.1,R64,10,Rhode Island,0,NA,NA,NA,NA,NA,NA,NA,NA,NA,NA,NA,NA,NA,NA,NA
Oklahoma,2019,B12,34,20,0.588235294,110.5,93.1,0.878,50.4,47.5,17,17.3,25.8,27.8,31.3,23.1,49.7,45.8,34.6,33.3,2.5,R32,9,Mississippi,1,23,Virginia,0,NA ,NA ,NA ,NA ,NA ,NA ,NA ,NA ,NA ,NA ,NA ,NA 
Old Dominion,2019,CUSA,35,26,0.742857143,99.3,94.6,0.6339,47.2,45.6,17.8,18.5,32.1,24.8,28.9,32.4,44.1,43.5,34.9,32.4,-1.8,R64,14,Purdue,0,NA,NA ,NA ,NA ,NA ,NA ,NA ,NA ,NA ,NA ,NA ,NA ,NA ,NA ,NA 
Oregon St.,2016,P12,31,18,0.580645161,109.9,98.1,0.788,49.8,49.5,16.6,19.5,29,32.2,36.8,39.3,46.9,50,37.4,32.4,0.3,R64,7,VCU,0,NA,NA,NA,NA,NA,NA,NA,NA,NA,NA,NA,NA,NA,NA,NA
Oregon,2013,P12,37,28,0.756756757,104.8,88.6,0.8728,49.3,46.4,21.4,22,35.8,27.2,38.4,33.3,49.1,44.9,33.3,33.4,2.9,S16,12,Oklahoma St.,1,11,Saint Louis,1,17,Louisville,0,NA,NA,NA,NA,NA,NA,NA,NA,NA
Oregon,2014,P12,34,24,0.705882353,118.1,100,0.872,53.5,49.1,16.1,18.9,32.2,31.9,43.8,47.8,51,49.4,38.9,32.4,2.6,R32,7,BYU,1,19,Wisconsin,0,NA,NA,NA,NA,NA,NA,NA,NA,NA,NA,NA,NA
Oregon,2015,P12,35,25,0.714285714,114.3,99.1,0.8379,52.3,48,16.9,16.7,30.2,31.5,29.1,35.4,50.8,47.1,36.9,33.2,3,R32,8,Oklahoma St.,1,6,Wisconsin,0,NA,NA,NA,NA,NA,NA,NA,NA,NA,NA,NA,NA
Oregon,2016,P12,37,30,0.810810811,118.4,96.2,0.9163,52.3,48.9,16.1,20.2,34.1,30.5,40.3,32,52.6,46.1,34.4,36.2,6.7,E8,1,Holy Cross,1,39,Saint Joseph's,1,5,Duke,1,14,Oklahoma,0,NA,NA,NA,NA,NA,NA
Oregon,2017,P12,38,33,0.868421053,117.8,93.8,0.9321,55.5,46.4,17.1,19.3,32.4,29.5,34.4,26.3,54.5,46.1,38,31.2,6,F4,3,Iona,1,16,Rhode Island,1,3,Michigan,1,1,Kansas,1,14,North Carolina,0,NA,NA,NA
Oregon,2019,P12,38,25,0.657894737,108.1,91.7,0.8687,52,46.4,17.8,20.9,29.6,28.8,29.4,33.9,51.6,48.8,35.1,29,-1.1,S16,12,Wisconsin,1,18,UC Irvine,1,19,Virginia,0,NA ,NA ,NA ,NA ,NA ,NA ,NA ,NA ,NA 
Pacific,2013,BW,33,20,0.606060606,104.7,101.1,0.5991,50.5,50,17.8,20,29.2,30.8,37.7,39.3,46.8,48,38.9,35.4,-5.1,R64,15,Miami FL,0,NA,NA,NA,NA,NA,NA,NA,NA,NA,NA,NA,NA,NA,NA,NA
Penn,2018,Ivy,32,24,0.75,103.6,97.6,0.6644,52.9,47,16.6,17,23.8,22.6,33.4,31.8,53.3,48,34.8,30,-3.3,R64,16,Kansas,0,NA,NA,NA,NA,NA,NA,NA,NA,NA,NA,NA,NA,NA,NA,NA
Pittsburgh,2013,BE,33,24,0.727272727,112.8,91.1,0.9217,51.7,44.6,18.1,22,40.4,30,37.5,36.4,51.5,44,34.9,30.4,3.1,R64,8,Wichita St.,0,NA,NA,NA,NA,NA,NA,NA,NA,NA,NA,NA,NA,NA,NA,NA
Pittsburgh,2014,ACC,36,26,0.722222222,117.1,94,0.9261,50.7,46.7,16.3,19.2,37.2,29,44.3,36.4,50.1,45.5,35.1,32.6,4.1,R32,9,Colorado,1,29,Florida,0,NA,NA,NA,NA,NA,NA,NA,NA,NA,NA,NA,NA
Pittsburgh,2016,ACC,32,20,0.625,113.9,96.9,0.8659,51.1,50,17.5,16.9,36.9,27.5,36.1,32.4,50.4,48.4,35,35.4,1.8,R64,10,Wisconsin,0,NA,NA,NA,NA,NA,NA,NA,NA,NA,NA,NA,NA,NA,NA,NA
Princeton,2017,Ivy,29,23,0.793103448,107.6,95.4,0.7989,53.2,48.7,15.2,20.2,24.1,24.7,24.4,32,50.5,46.9,37.6,34.5,-0.4,R64,12,Notre Dame,0,NA,NA,NA,NA,NA,NA,NA,NA,NA,NA,NA,NA,NA,NA,NA
Providence,2014,BE,35,22,0.628571429,114.9,100.4,0.8249,48.3,48.9,17.3,16.4,35.3,30.8,41.9,33.7,46.5,48.8,34.7,32.8,1.2,R64,11,North Carolina,0,NA,NA,NA,NA,NA,NA,NA,NA,NA,NA,NA,NA,NA,NA,NA
Providence,2015,BE,34,22,0.647058824,111.6,93.7,0.8821,48.4,48.2,18.1,19.7,35.2,29,40.7,39.3,48.9,47.1,31.3,33.3,3.7,R64,6,Dayton,0,NA,NA,NA,NA,NA,NA,NA,NA,NA,NA,NA,NA,NA,NA,NA
Providence,2016,BE,35,24,0.685714286,108.7,95.4,0.8193,48,49.3,16.1,20.6,30.4,30.3,37.3,28,48,49.8,32.1,32.3,3.4,R32,9,Southern California,1,1,North Carolina,0,NA,NA,NA,NA,NA,NA,NA,NA,NA,NA,NA,NA
Providence,2018,BE,35,21,0.6,108.4,95.9,0.8027,49.6,50.3,17.4,19,28.9,29,38.6,31.8,49.5,51.5,33.2,32.2,1.9,R64,10,Texas A&M,0,NA,NA,NA,NA,NA,NA,NA,NA,NA,NA,NA,NA,NA,NA,NA
Purdue,2015,B10,34,21,0.617647059,110.5,93.9,0.8654,50.3,45.4,19.9,17.6,36.5,30.9,41.7,38.4,50.9,42.3,32.7,35.1,1,R64,9,Cincinnati,0,NA,NA,NA,NA,NA,NA,NA,NA,NA,NA,NA,NA,NA,NA,NA
Purdue,2016,B10,35,26,0.742857143,117.2,93.4,0.9316,53.6,44.3,17.7,13.7,35,23.4,35.4,28.1,52.8,42.9,36.7,31.4,4.4,R64,5,Arkansas Little Rock,0,NA,NA,NA,NA,NA,NA,NA,NA,NA,NA,NA,NA,NA,NA,NA
Purdue,2017,B10,35,27,0.771428571,116.6,93.1,0.9297,55.7,47.7,18.3,16.6,30.8,24.4,33.3,22.9,52.7,46.6,40.3,33.2,5.6,S16,4,Vermont,1,10,Iowa St.,1,4,Kansas,0,NA,NA,NA,NA,NA,NA,NA,NA,NA
Purdue,2018,B10,37,30,0.810810811,123.2,95.7,0.9484,57.7,47,15.8,17.7,28,28,35.6,24.2,54.1,45.5,42,33.2,7.6,S16,2,Cal St. Fullerton,1,26,Butler,1,3,Texas Tech,0,NA,NA,NA,NA,NA,NA,NA,NA,NA
Purdue,2019,B10,36,26,0.722222222,122.8,94.3,0.9539,53.6,49,15.8,18.6,34.5,27,29.9,31.7,51.5,47.2,37.4,34.2,6.1,E8,3,Old Dominion,1,13,Villanova,1,16,Tennessee,1,5,Virginia,0,NA ,NA ,NA ,NA ,NA ,NA 
Radford,2018,BSth,34,23,0.676470588,101.3,102.8,0.4559,49.3,50.1,18.7,20.2,32,28,31.2,31.7,47.1,48.9,35,34.6,-6.5,R64,16,Villanova,0,NA,NA,NA,NA,NA,NA,NA,NA,NA,NA,NA,NA,NA,NA,NA
Rhode Island,2017,A10,35,25,0.714285714,111.1,94.1,0.8717,50.8,45,16.4,19.4,32.8,29.7,39.2,45,51.2,45.4,33.3,29.5,0.4,R32,11,Creighton,1,12,Oregon,0,NA,NA,NA,NA,NA,NA,NA,NA,NA,NA,NA,NA
Rhode Island,2018,A10,34,26,0.764705882,109.7,97.3,0.7988,51.1,50.4,15.3,22.6,31,28.2,30.1,40.6,50.4,50.6,35.2,33.2,1.6,R32,7,Oklahoma,1,5,Duke,0,NA,NA,NA,NA,NA,NA,NA,NA,NA,NA,NA,NA
Robert Morris,2015,NEC,35,20,0.571428571,100.7,103.3,0.4286,50.1,49.3,19.8,21.8,31,35.9,35.5,37.6,47.4,48.3,37.5,34.1,-8.6,R64,16,Duke,0,NA,NA,NA,NA,NA,NA,NA,NA,NA,NA,NA,NA,NA,NA,NA
Saint Joseph's,2014,A10,34,24,0.705882353,113.8,97.5,0.8546,53.9,47.8,18.7,15.3,29.5,27.8,43.6,30.6,52.3,46,37.9,34.2,2.1,R64,10,Connecticut,0,NA,NA,NA,NA,NA,NA,NA,NA,NA,NA,NA,NA,NA,NA,NA
Saint Joseph's,2016,A10,36,28,0.777777778,114.2,97.6,0.86,51.2,48.1,14.3,16.1,28.3,25.8,37.4,25,52.3,49.2,32.7,31.1,3.4,R32,8,Cincinnati,1,2,Oregon,0,NA,NA,NA,NA,NA,NA,NA,NA,NA,NA,NA,NA
Saint Louis,2013,A10,35,28,0.8,108,87.5,0.9181,50.4,45.5,17.6,23.6,27.9,29.1,44,35,50,44.1,34,33.1,3.8,R32,4,New Mexico St.,1,20,Oregon,0,NA,NA,NA,NA,NA,NA,NA,NA,NA,NA,NA,NA
Saint Louis,2014,A10,33,26,0.787878788,104.9,90.4,0.8477,49.6,44.4,18.6,21,28.8,29,40.3,35.6,50.5,44.4,31.7,29.6,3.8,R32,5,North Carolina St.,1,3,Louisville,0,NA,NA,NA,NA,NA,NA,NA,NA,NA,NA,NA,NA
Saint Louis,2019,A10,36,23,0.638888889,101.3,95.7,0.6599,46.7,46.9,19.3,19.4,36,25.1,39.4,33.5,47.2,46.7,30.4,31.4,-3.2,R64,13,Virginia Tech,0,NA,NA ,NA ,NA ,NA ,NA ,NA ,NA ,NA ,NA ,NA ,NA ,NA ,NA ,NA 
Saint Mary's,2013,WCC,34,27,0.794117647,113.9,94.9,0.891,53.7,47.1,18.3,17.9,36.9,25,37,36.9,52.3,44,37.3,36.7,2.5,R64,11,Memphis,0,NA,NA,NA,NA,NA,NA,NA,NA,NA,NA,NA,NA,NA,NA,NA
Saint Mary's,2017,WCC,34,29,0.8529412,118,93.8,0.9334,57.8,45.3,17.5,15.3,33.1,21,27.8,26.6,56.9,45.4,39.4,30,3.9,R32,7,VCU,1,8,Arizona,0,NA,NA,NA,NA,NA,NA,NA,NA,NA,NA,NA,NA
Saint Mary's,2019,WCC,34,22,0.647058824,113.1,96.3,0.8637,53.8,48.9,16.2,16.3,31.2,23,29.1,29.1,52.3,49.2,37.8,32.1,-0.8,R64,11,Villanova,0,NA,NA ,NA,NA ,NA ,NA ,NA ,NA ,NA ,NA ,NA ,NA ,NA ,NA ,NA 
San Diego St.,2013,MWC,32,21,0.65625,106,89.5,0.8752,48.5,44.7,18.1,18.2,31.8,27.9,35.3,28.9,48.3,43.3,32.7,31.8,0.4,R32,7,Oklahoma,1,15,Florida Gulf Coast,0,NA,NA,NA,NA,NA,NA,NA,NA,NA,NA,NA,NA
San Diego St.,2014,MWC,34,29,0.852941176,109.4,90.7,0.896,46.7,44.4,15.2,20.6,36.1,29.4,45.1,32.4,45.1,43.5,34.2,30.8,6,S16,4,New Mexico St.,1,4,North Dakota St.,1,19,Arizona,0,NA,NA,NA,NA,NA,NA,NA,NA,NA
San Diego St.,2015,MWC,35,26,0.742857143,103.1,87.5,0.8691,46.6,43.5,18.6,21.1,35.7,29.7,36.2,25.7,45.9,42.3,32,30.6,1.3,R32,8,St. John's,1,12,Duke,0,NA,NA,NA,NA,NA,NA,NA,NA,NA,NA,NA,NA
San Diego St.,2018,MWC,32,22,0.6875,110.2,94.9,0.8486,51.7,48.6,17,19,31.6,25,35.1,29.6,52,47.8,34.1,33.2,-1.5,R64,11,Houston,0,NA,NA,NA,NA,NA,NA,NA,NA,NA,NA,NA,NA,NA,NA,NA
Seton Hall,2016,BE,34,25,0.735294118,110.8,91.4,0.9014,49.8,45.4,19.4,19.5,34.7,30.8,40.4,33.8,48.8,44.3,34.7,31.7,5.3,R64,6,Gonzaga,0,NA,NA,NA,NA,NA,NA,NA,NA,NA,NA,NA,NA,NA,NA,NA
Seton Hall,2017,BE,33,21,0.636363636,108.9,95.6,0.8178,49.9,49,19.5,17.5,35.7,25.4,37.6,36.1,49.6,48,33.8,34.1,2.7,R64,9,Arkansas,0,NA,NA,NA,NA,NA,NA,NA,NA,NA,NA,NA,NA,NA,NA,NA
Seton Hall,2018,BE,34,22,0.647058824,117.8,98.2,0.8902,52.9,50.3,17.8,17.7,34.3,28.4,35.2,29.8,52,50,36.5,33.8,2.5,R32,8,North Carolina St.,1,11,Kansas,0,NA,NA,NA,NA,NA,NA,NA,NA,NA,NA,NA,NA
Seton Hall,2019,BE,34,20,0.588235294,107.9,96.9,0.7749,49.9,49.6,17.5,19.8,29.5,29.2,34.5,32.8,50.6,48.7,32.4,34,-0.4,R64,10,Wofford,0,NA,NA ,NA ,NA ,NA ,NA ,NA ,NA ,NA ,NA ,NA ,NA ,NA ,NA ,NA 
SMU,2015,Amer,33,26,0.787878788,111.1,94.6,0.8635,52.1,45.7,19.5,20.3,36.6,29.2,43.8,31.2,51.3,42.9,36.3,32.7,3.1,R64,6,UCLA,0,NA,NA,NA,NA,NA,NA,NA,NA,NA,NA,NA,NA,NA,NA,NA
SMU,2017,Amer,35,30,0.857142857,120,94.1,0.9426,54.6,46,16.9,18.3,37.2,26.4,36,24.6,51,44.1,40.6,32.1,6.4,R64,6,Southern California,0,NA,NA,NA,NA,NA,NA,NA,NA,NA,NA,NA,NA,NA,NA,NA
South Carolina,2017,SEC,36,26,0.722222222,108.7,89,0.9083,47.3,45.5,18.4,24.3,34,31.6,40.2,44.5,45.9,45.4,33.4,30.6,1.7,F4,7,Marquette,1,20,Duke,1,7,Baylor,1,20,Florida,1,7,Gonzaga,0,NA,NA,NA
South Dakota St.,2013,Sum,32,22,0.6875,109.7,103.7,0.6573,53.3,51.2,16.4,17.1,28.9,26.1,33,24.4,50.4,49.8,38.9,35.8,-3.2,R64,13,Michigan,0,NA,NA,NA,NA,NA,NA,NA,NA,NA,NA,NA,NA,NA,NA,NA
South Dakota St.,2016,Sum,32,24,0.75,110.5,101.1,0.737,51.3,48,17.1,17.2,32.4,25.5,40.2,40.2,49.7,47.1,36.1,33.3,-1.2,R64,12,Maryland,0,NA,NA,NA,NA,NA,NA,NA,NA,NA,NA,NA,NA,NA,NA,NA
South Dakota St.,2017,Sum,33,18,0.545454545,108.2,109.7,0.4612,53.2,53.8,18.4,16.2,27.1,28.9,39.9,27.1,52.7,52.4,35.8,36.9,-9.8,R64,16,Gonzaga,0,NA,NA,NA,NA,NA,NA,NA,NA,NA,NA,NA,NA,NA,NA,NA
South Dakota St.,2018,Sum,31,28,0.903225806,113.2,100.4,0.7989,54.3,50,14,14.2,24.6,23.3,35.4,25.6,50.7,49.8,39.3,33.6,0.6,R64,12,Ohio St.,0,NA,NA,NA,NA,NA,NA,NA,NA,NA,NA,NA,NA,NA,NA,NA
Southern,2013,SWAC,30,20,0.666666667,95.9,96.7,0.475,49.1,41.9,16.8,20.2,26.2,31.1,40.3,34.9,46,40.5,36.7,30,-5.7,R64,16,Gonzaga,0,NA,NA,NA,NA,NA,NA,NA,NA,NA,NA,NA,NA,NA,NA,NA
St. Bonaventure,2018,A10,34,26,0.764705882,109.6,99.7,0.7485,51.6,49,16.3,20.4,29.3,29.1,40.5,38.4,48.5,49.7,38.6,32,1.4,R64,11,Florida,0,NA,NA,NA,NA,NA,NA,NA,NA,NA,NA,NA,NA,NA,NA,NA
St. John's,2015,BE,32,20,0.625,110.6,94.7,0.8569,49.3,46.4,15.7,19.5,27.6,35.4,35.7,33.3,48.2,44.9,34.5,32.6,2.3,R64,9,San Diego St.,0,NA,NA,NA,NA,NA,NA,NA,NA,NA,NA,NA,NA,NA,NA,NA
Stanford,2014,P12,36,23,0.638888889,111.7,96.5,0.8436,51.3,48,17,17,29.3,28.1,45,37,49.9,45.8,36.4,34.9,1.1,S16,10,New Mexico,1,5,Kansas,1,3,Dayton,0,NA,NA,NA,NA,NA,NA,NA,NA,NA
Stephen F. Austin,2014,Slnd,33,30,0.909090909,112,101.6,0.7527,52.3,50.5,16.9,23.6,38.2,28.9,39.9,50.7,52.3,50,34.9,34.7,1.7,R32,12,VCU,1,2,UCLA,0,NA,NA,NA,NA,NA,NA,NA,NA,NA,NA,NA,NA
Stephen F. Austin,2015,Slnd,31,26,0.838709677,111,98.8,0.7919,55.6,49,20.3,24.5,37.6,29.6,41.9,49.1,55.4,48.3,37.3,33.7,1.2,R64,12,Utah,0,NA,NA,NA,NA,NA,NA,NA,NA,NA,NA,NA,NA,NA,NA,NA
Stephen F. Austin,2016,Slnd,30,24,0.8,110.3,96.5,0.8235,54.8,49.5,17.7,25.9,33.5,30.7,34.3,40.2,54.5,49.7,36.9,32.8,-1.2,R32,14,West Virginia,1,14,Notre Dame,0,NA,NA,NA,NA,NA,NA,NA,NA,NA,NA,NA,NA
Stephen F. Austin,2018,Slnd,31,28,0.903225806,103.8,97.1,0.6832,53.1,49.7,20.7,25.9,32,28.5,40.5,50.3,51.7,47.4,37.4,35.6,-1.8,R64,14,Texas Tech,0,NA,NA,NA,NA,NA,NA,NA,NA,NA,NA,NA,NA,NA,NA,NA
Stony Brook,2016,AE,31,24,0.774193548,104.6,99.2,0.648,52.2,47.6,17.3,18.4,34.8,26,32.2,27.6,50.7,45.8,37.2,34.1,-1.1,R64,13,Kentucky,0,NA,NA,NA,NA,NA,NA,NA,NA,NA,NA,NA,NA,NA,NA,NA
Syracuse,2013,BE,40,30,0.75,113,87,0.9533,49,42.6,18.9,23.6,38.8,34.5,36.8,35.4,48.5,42.6,33.4,28.4,5.1,F4,4,Montana,1,47,California,1,6,Indiana,1,11,Marquette,1,16,Michigan,0,NA,NA,NA
Syracuse,2014,ACC,34,28,0.823529412,114.2,92.8,0.9156,48.2,48,14.8,21.9,38.1,31.5,38.2,36.7,47.7,45.5,33.1,34.5,7.9,R32,3,Western Michigan,1,24,Dayton,0,NA,NA,NA,NA,NA,NA,NA,NA,NA,NA,NA,NA
Syracuse,2016,ACC,37,23,0.621621622,111.9,93.6,0.8857,50,47.3,18.1,20.4,33.5,35.3,35.4,28,47.2,48.1,36,30.7,-0.3,F4,10,Dayton,1,19,Middle Tennessee,1,15,Gonzaga,1,3,Virginia,1,6,North Carolina,0,NA,NA,NA
Syracuse,2018,ACC,37,23,0.621621622,106,92.1,0.8344,46.9,46.2,19.1,19.5,34.7,30.4,40.5,31.4,46.6,45.1,31.7,31.8,-0.4,S16,11,TCU,1,5,Michigan St.,1,2,Duke,0,NA,NA,NA,NA,NA,NA,NA,NA,NA
Syracuse,2019,ACC,34,20,0.588235294,110.5,94.2,0.8622,49.6,48.1,18.5,23.1,30.2,33.4,36.8,34.3,49.3,46.9,33.3,32.9,0.4,R64,8,Baylor,0,NA,NA ,NA ,NA ,NA ,NA ,NA ,NA ,NA ,NA ,NA ,NA ,NA ,NA ,NA 
TCU,2018,B12,33,21,0.636363636,119.5,100.5,0.8804,56.5,52.3,17.8,17.4,34.2,26.1,34.1,30.5,55.1,50.1,39.4,37.6,2.2,R64,6,Syracuse,0,NA,NA,NA,NA,NA,NA,NA,NA,NA,NA,NA,NA,NA,NA,NA
Temple,2013,A10,34,24,0.705882353,110.7,96.9,0.822,49,49,15.9,20.1,30.8,31.4,35.6,34.1,48.8,47.3,32.8,35.3,1.5,R32,9,North Carolina St.,1,4,Indiana,0,NA,NA,NA,NA,NA,NA,NA,NA,NA,NA,NA,NA
Temple,2016,Amer,33,21,0.636363636,106.3,97.4,0.7318,47,46.4,13.8,16.2,29.1,29.7,26.6,28.7,44.9,46.3,33.7,31.2,-0.1,R64,10,Iowa,0,NA,NA,NA,NA,NA,NA,NA,NA,NA,NA,NA,NA,NA,NA,NA
Tennessee,2014,SEC,36,23,0.638888889,118.1,93.4,0.9374,49.8,46.5,16.8,16.9,39.7,27.5,41.8,31.5,50.6,44.5,31.9,34.5,0.4,S16,11,Massachusetts,1,19,Mercer,1,20,Michigan,0,NA,NA,NA,NA,NA,NA,NA,NA,NA
Tennessee,2018,SEC,35,26,0.742857143,114.2,92,0.9225,50.8,46.7,17.9,20.4,33.4,31.1,35.5,37.6,47.3,46.1,38,31.8,6.4,R32,3,Wright St.,1,26,Loyola Chicago,0,NA,NA,NA,NA,NA,NA,NA,NA,NA,NA,NA,NA
Tennessee,2019,SEC,36,31,0.861111111,122.8,95.2,0.9488,55.3,48.1,15.8,18,31.6,30.2,33.3,34.9,55.4,44.7,36.7,35.4,9.9,S16,2,Colgate,1,7,Iowa,1,6,Purdue,0,NA ,NA ,NA ,NA ,NA ,NA ,NA ,NA ,NA 
Texas A&M,2016,SEC,37,28,0.756756757,113,92.2,0.9126,51.2,47.4,17.4,20.7,34.8,29.2,38.1,32.3,51.3,45.6,34.1,33.3,5.2,S16,3,Green Bay,1,27,Northern Iowa,1,4,Oklahoma,0,NA,NA,NA,NA,NA,NA,NA,NA,NA
Texas A&M,2018,SEC,35,22,0.628571429,111.2,94.7,0.864,51.4,46.9,19.2,15.3,33.9,27.3,32,27.6,52.5,45.7,32.9,32.6,1.9,S16,7,Providence,1,4,North Carolina,1,21,Michigan,0,NA,NA,NA,NA,NA,NA,NA,NA,NA
Texas Southern,2015,SWAC,35,22,0.628571429,101.9,108.1,0.3371,49.5,49.3,19.7,18.7,33.8,34.6,46.8,33.1,50,48.5,32.2,34.4,-4.5,R64,15,Arizona,0,NA,NA,NA,NA,NA,NA,NA,NA,NA,NA,NA,NA,NA,NA,NA
Texas Southern,2017,SWAC,35,23,0.657142857,100.6,106.5,0.3437,48.1,49.1,16.6,19.2,31.7,34.9,44.3,32.3,50,49.3,29.6,32.5,-4.4,R64,16,North Carolina,0,NA,NA,NA,NA,NA,NA,NA,NA,NA,NA,NA,NA,NA,NA,NA
Texas Southern,2018,SWAC,36,16,0.444444444,104.1,112.4,0.293,50.5,51.2,17.2,16.2,28.5,32.5,42.9,31.2,48.5,49.4,35.9,36.6,-10.9,R64,16,Xavier,0,NA,NA,NA,NA,NA,NA,NA,NA,NA,NA,NA,NA,NA,NA,NA
Texas Tech,2016,B12,32,19,0.59375,113.1,98.9,0.8227,50,49.6,17.8,19,31.3,32.3,42.2,32.9,49.2,47.2,34.6,35.6,1.3,R64,8,Butler,0,NA,NA,NA,NA,NA,NA,NA,NA,NA,NA,NA,NA,NA,NA,NA
Texas Tech,2018,B12,37,27,0.72972973,112.7,91.5,0.917,52,46.4,17.8,21.7,32.9,28.7,39.3,38,51.1,45.1,35.9,32.3,4.7,E8,3,Stephen F. Austin,1,10,Florida,1,3,Purdue,1,13,Villanova,0,NA,NA,NA,NA,NA,NA
Texas Tech,2019,B12,38,31,0.815789474,115.2,85.2,0.9696,53.5,43,17.7,22.8,27.4,28.7,32.9,36.6,52.8,41.9,36.5,29.7,7,2ND,3,Northern Kentucky,1,15,Buffalo,1,20,Michigan,1,19,Gonzaga,1,6,Gonzaga,1,6,Virginia,0
Texas,2014,B12,35,24,0.685714286,112.4,96.7,0.8507,47.4,46.5,17.5,16.3,39.6,30.2,43.4,41,46.9,42.9,32.7,35.2,3.6,R32,7,Arizona St.,1,2,Michigan,0,NA,NA,NA,NA,NA,NA,NA,NA,NA,NA,NA,NA
Texas,2015,B12,34,20,0.588235294,110.3,90.7,0.9048,49.1,42.1,20.1,14,37.9,28.6,36.6,34.8,48.3,37.7,33.8,34.7,0.9,R64,11,Butler,0,NA,NA,NA,NA,NA,NA,NA,NA,NA,NA,NA,NA,NA,NA,NA
Texas,2016,B12,33,20,0.606060606,112.2,95.6,0.8627,49.4,47.7,15.4,18.5,30.7,32,39.5,38.4,48.5,45.8,34.1,34.5,3.2,R64,6,Northern Iowa,1,3,Texas A&M,0,NA,NA,NA,NA,NA,NA,NA,NA,NA,NA,NA,NA
Texas,2018,B12,34,19,0.558823529,109.3,93.7,0.8547,50,48.3,17,18,29.4,29.1,33,26.2,51.2,47.5,32,33.2,1.4,R64,10,Texas,0,NA,NA,NA,NA,NA,NA,NA,NA,NA,NA,NA,NA,NA,NA,NA
Troy,2017,SB,35,22,0.628571429,108.8,106.6,0.5596,51.6,50.1,17.8,17.6,30.8,29.8,40.1,32.8,50.9,49.5,35.1,34.1,-8.1,R64,15,Duke,0,NA,NA,NA,NA,NA,NA,NA,NA,NA,NA,NA,NA,NA,NA,NA
Tulsa,2014,CUSA,34,21,0.617647059,105.6,95.8,0.7537,49.2,46.4,16.7,20.3,30.2,29.6,47.1,47.5,49.2,43.2,32.7,35.2,-3.6,R64,13,UCLA,0,NA,NA,NA,NA,NA,NA,NA,NA,NA,NA,NA,NA,NA,NA,NA
UAB,2015,CUSA,35,19,0.542857143,102.7,100.1,0.5721,47.6,47.6,20.1,19.7,34.2,33.1,35.7,33.6,46.6,47.4,33.2,31.9,-7.5,R32,14,Iowa St.,1,1,UCLA,0,NA,NA,NA,NA,NA,NA,NA,NA,NA,NA,NA,NA
UC Davis,2017,BW,34,23,0.676470588,97.4,100.8,0.4033,48.4,48.7,20.3,19.6,29.1,28.3,40.8,33.1,46.9,48.5,34.5,32.6,-7.5,R64,16,Kansas,0,NA,NA,NA,NA,NA,NA,NA,NA,NA,NA,NA,NA,NA,NA,NA
UC Irvine,2015,BW,32,19,0.59375,105.1,96.8,0.7202,50.7,44.7,18.2,17.2,30,30.7,30.2,35.3,47.8,42.4,38.2,33.6,-4.6,R64,13,Louisville,0,NA,NA,NA,NA,NA,NA,NA,NA,NA,NA,NA,NA,NA,NA,NA
UC Irvine,2019,BW,36,31,0.861111111,107.2,97.6,0.7458,51.3,44.1,17.5,16.7,33.7,27,28.7,33,50.1,40.7,35.9,33.9,0.7,R32,13,Kansas St.,1,6,Oregon,0,NA ,NA ,NA ,NA ,NA ,NA ,NA ,NA ,NA ,NA ,NA ,NA 
UCF,2019,Amer,33,24,0.727272727,112.7,93.3,0.898,52.9,45.4,17.6,18,29.5,29.6,45.3,29.2,52,44.5,36.5,31.3,2,R32,9,VCU,1,15,Duke ,0,NA,NA,NA,NA,NA,NA,NA,NA,NA,NA,NA,NA
UCLA,2013,P12,35,25,0.714285714,110,94.8,0.8475,49.1,47.5,15.8,19.9,30.7,34,33.1,24.6,48.9,46.9,33.3,32.4,3.3,R64,6,Minnesota,0,NA,NA,NA,NA,NA,NA,NA,NA,NA,NA,NA,NA,NA,NA,NA
UCLA,2014,P12,37,28,0.756756757,119,96.6,0.9167,54.1,49.9,14.5,20.3,29.8,28.6,38.2,35.7,53,48.6,38,34.4,4.5,S16,4,Tulsa,1,17,SF Austin,1,17,Florida,0,NA,NA,NA,NA,NA,NA,NA,NA,NA
UCLA,2015,P12,36,22,0.611111111,111.8,96.6,0.8425,49.6,48.5,17.6,17.9,33.8,28.6,35.7,32.3,47.4,45.4,36.8,35.6,0,S16,11,SMU,1,1,UAB,1,17,Gonzaga,0,NA,NA,NA,NA,NA,NA,NA,NA,NA
UCLA,2017,P12,36,31,0.861111111,122.8,99.6,0.9175,59.8,48.7,15.1,15.8,29.1,28.6,26.8,25.4,59.1,45.3,40.6,36.5,6.6,S16,3,Kent St.,1,17,Cincinnati,1,12,Kentucky,0,NA,NA,NA,NA,NA,NA,NA,NA,NA
UMBC,2018,AE,33,25,0.757575758,102.1,102.2,0.4963,52.2,51.6,17.2,20.7,25.9,28.3,30.2,30.8,48.1,51,38.2,35,-4.9,R32,16,Virginia,1,20,Kansas St. ,0,NA,NA,NA,NA,NA,NA,NA,NA,NA,NA,NA,NA
UNC Asheville,2016,BSth,32,20,0.625,101.2,99.4,0.5487,49.6,49.3,18.6,22.2,31.6,29.3,41.8,33,50.2,52.1,32.1,29.6,-6.3,R64,15,Villanova,0,NA,NA,NA,NA,NA,NA,NA,NA,NA,NA,NA,NA,NA,NA,NA
UNC Greensboro,2018,SC,32,27,0.84375,103.4,95.2,0.7207,51.7,47.5,19.8,21.4,33.7,23.9,26,39.2,51.1,47.3,35,31.9,-1.6,R64,13,Gonzaga,0,NA,NA,NA,NA,NA,NA,NA,NA,NA,NA,NA,NA,NA,NA,NA
UNC Wilmington,2016,CAA,31,23,0.741935484,109.5,100.9,0.7186,51.2,47.5,15.9,19.9,32.1,30.1,35.6,55.2,51,46.1,34.4,33.9,-0.7,R64,13,Duke,0,NA,NA,NA,NA,NA,NA,NA,NA,NA,NA,NA,NA,NA,NA,NA
UNC Wilmington,2017,CAA,33,29,0.878787879,117.7,105,0.7881,55,53.2,13.9,20.1,32.5,28.5,30.8,39.6,55.7,54.2,36.1,34,1.5,R64,12,Virginia,0,NA,NA,NA,NA,NA,NA,NA,NA,NA,NA,NA,NA,NA,NA,NA
UNLV,2013,MWC,34,24,0.705882353,104.7,88.4,0.8749,48.9,44.1,20.2,18.5,33.3,27.1,36.7,29.6,48.9,42.6,32.6,31.6,1.8,R64,5,California,0,NA,NA,NA,NA,NA,NA,NA,NA,NA,NA,NA,NA,NA,NA,NA
USC,2016,P12,34,21,0.617647059,113.7,98.7,0.8352,52.2,47.3,16.6,16.7,32.1,31.6,35.1,28.3,49.4,46.6,38.7,32.5,0.2,R64,8,Providence,0,NA,NA,NA,NA,NA,NA,NA,NA,NA,NA,NA,NA,NA,NA,NA
USC,2017,P12,36,26,0.722222222,113.3,100.6,0.7966,52.2,50.1,15.7,17.9,31,31.4,36.8,24,51,47.2,36.2,36.8,1.3,R32,11,SMU,1,1,Baylor,0,NA,NA,NA,NA,NA,NA,NA,NA,NA,NA,NA,NA
Utah St.,2019,MWC,34,28,0.823529412,111.3,96.8,0.8329,53.9,46.5,18.2,17.3,32,22.3,36.7,34.3,54.2,42.2,35.7,35.3,2,R64,8,Washington,0,NA,NA ,NA ,NA ,NA ,NA ,NA ,NA ,NA ,NA ,NA ,NA ,NA ,NA ,NA 
Utah,2015,P12,34,25,0.735294118,114.9,88.7,0.9513,55.2,43,18.2,18.3,31.3,28.4,43.4,34.3,52.3,41.4,40.1,31.2,3.7,S16,5,Stephen F. Austin,1,7,Georgetown,1,11,Duke,0,NA,NA,NA,NA,NA,NA,NA,NA,NA
Utah,2016,P12,35,26,0.742857143,115.8,97.3,0.8807,55.1,48,18.2,15.3,29.2,27.8,37.9,23,55.5,44.5,36.3,37.1,5.6,R32,3,Fresno St.,1,11,Gonzaga,0,NA,NA,NA,NA,NA,NA,NA,NA,NA,NA,NA,NA
Valparaiso,2013,Horz,33,25,0.757575758,107.8,97.9,0.7514,55.7,46.2,21.8,19.5,31.2,28.2,41.7,36.8,55.7,44.5,37.1,33.8,-0.8,R64,14,Michigan St.,0,NA,NA,NA,NA,NA,NA,NA,NA,NA,NA,NA,NA,NA,NA,NA
Valparaiso,2015,Horz,31,25,0.806451613,105,94.5,0.7706,51.3,45.2,19,18.6,34.7,27.4,36.6,33.4,48,42.3,38.4,33.4,0.1,R64,13,Maryland,0,NA,NA,NA,NA,NA,NA,NA,NA,NA,NA,NA,NA,NA,NA,NA
Vanderbilt,2017,SEC,35,19,0.542857143,112.5,93.8,0.8898,52.1,48.1,18.2,16.1,24.8,27,34.8,30.7,48.1,46.8,37.6,33.8,0.1,R64,9,Northwestern,0,NA,NA,NA,NA,NA,NA,NA,NA,NA,NA,NA,NA,NA,NA,NA
VCU,2013,A10,36,27,0.75,113.8,92.1,0.9195,51.3,49.9,16.9,28.5,36.6,34.7,29.8,40.3,50.5,50.1,35.1,32.9,2.6,R32,5,Akron,1,46,Michigan,0,NA,NA,NA,NA,NA,NA,NA,NA,NA,NA,NA,NA
VCU,2014,A10,35,26,0.742857143,108.3,89.8,0.8955,47.9,47.8,17.2,25.6,34.9,30.8,35.2,39.7,45.6,48.8,34.9,30.3,3.6,R64,5,Stephen F. Austin,0,NA,NA,NA,NA,NA,NA,NA,NA,NA,NA,NA,NA,NA,NA,NA
VCU,2015,A10,36,26,0.722222222,108.4,94,0.8373,48.7,49.5,15.7,23.5,31.8,30.6,37.3,37.8,46.9,48.3,34.3,34.5,3,R64,7,Ohio St.,0,NA,NA,NA,NA,NA,NA,NA,NA,NA,NA,NA,NA,NA,NA,NA
VCU,2016,A10,36,25,0.694444444,112.1,94.2,0.8811,51,49.2,16.3,21.4,33.2,27.7,32.2,36.8,50.1,48.6,35.2,33.7,-0.1,R32,10,Oregon St.,1,8,Oklahoma,0,NA,NA,NA,NA,NA,NA,NA,NA,NA,NA,NA,NA
VCU,2017,A10,35,26,0.742857143,108.1,95.9,0.7988,51,47.5,17.8,21,31.3,27.5,36.4,40.9,51.5,46,33.1,33.8,1.3,R64,10,Saint Mary's,0,NA,NA,NA,NA,NA,NA,NA,NA,NA,NA,NA,NA,NA,NA,NA
VCU,2019,A10,33,25,0.757575758,104.6,87.6,0.8838,50.1,43.5,20,23.4,31,30.6,35.7,36.6,53.1,43.8,30.5,28.5,1.1,R64,8,UCF,0,NA,NA ,NA ,NA ,NA ,NA ,NA ,NA ,NA ,NA ,NA ,NA ,NA ,NA ,NA 
Vermont,2017,AE,34,29,0.852941176,110,98.2,0.7864,55.3,48.6,17,19.6,29.8,27.1,34.3,26.5,55.5,46.9,36.7,34.9,0.7,R64,13,Purdue,0,NA,NA,NA,NA,NA,NA,NA,NA,NA,NA,NA,NA,NA,NA,NA
Vermont,2019,AE,33,27,0.818181818,107,98.1,0.7324,52.6,48.7,16.8,19.1,27.3,22.2,35.9,27.5,51.6,46.3,35.9,35.1,-1,R64,13,Florida St.,0,NA,NA ,NA ,NA ,NA ,NA ,NA ,NA ,NA ,NA ,NA ,NA ,NA ,NA ,NA 
Villanova,2013,BE,33,19,0.575757576,105.3,90.5,0.8507,47.3,47.3,22.9,22,33.1,29.5,50.6,40.9,46,42.4,33.2,37.3,0.3,R64,9,North Carolina,0,NA,NA,NA,NA,NA,NA,NA,NA,NA,NA,NA,NA,NA,NA,NA
Villanova,2014,BE,34,29,0.852941176,115.2,92.5,0.926,53.6,46.3,17.3,20,32.6,28.7,44.5,38.6,53.8,43,35.6,35.3,8.3,R32,2,Milwaukee,1,12,Connecticut,0,NA,NA,NA,NA,NA,NA,NA,NA,NA,NA,NA,NA
Villanova,2015,BE,36,33,0.916666667,121.9,91.1,0.9663,55.3,45.5,16.3,21.6,32.5,31.2,41.8,30.4,53,45.3,38.9,30.5,11.3,R32,1,Lafayette,1,41,North Carolina St.,0,NA,NA,NA,NA,NA,NA,NA,NA,NA,NA,NA,NA
Villanova,2016,BE,40,35,0.875,123.1,90.9,0.9703,56.1,46.7,16.3,20.6,28.2,29.4,34.1,30,57.4,44.1,36.2,33.9,8.9,Champions,2,UNC Asheville,1,30,Iowa,1,19,Miami FL,1,23,Kansas,1,5,Oklahoma,1,44,North Carolina,1
Villanova,2017,BE,36,32,0.888888889,122.2,92.5,0.9611,57.5,48.1,17.1,20.1,30.2,27.8,35,22.1,59.2,49.1,36.9,31.1,11.1,R32,1,Mount St. Mary's,1,20,Wisconsin,0,NA,NA,NA,NA,NA,NA,NA,NA,NA,NA,NA,NA
Villanova,2018,BE,40,36,0.9,128.4,94.1,0.9725,59.5,48.5,15,18.2,29.6,27.1,29.4,26.7,59,49,40.1,31.7,10.6,Champions,1,Radford,1,26,Alabama,1,23,West Virginia,1,12,Texas Tech,1,12,Kansas,1,16,Michigan,1
Villanova,2019,BE,36,26,0.722222222,114.6,98.9,0.8448,53.2,50.4,16.9,18,30.3,27.7,34.4,28.2,53.7,49.7,35.2,34.3,3.6,R32,6,Saint Mary's,1,4,Purdue,0,NA ,NA ,NA ,NA ,NA ,NA ,NA ,NA ,NA ,NA ,NA ,NA 
Virginia Tech,2017,ACC,33,22,0.666666667,118.4,102.5,0.8401,56.9,51,17.2,16.5,23.4,30.5,40.9,27.3,54.6,49,40.3,36.3,3.3,R64,9,Wisconsin,0,NA,NA,NA,NA,NA,NA,NA,NA,NA,NA,NA,NA,NA,NA,NA
Virginia Tech,2018,ACC,33,21,0.636363636,115.2,98.6,0.8579,57.7,50.4,17,18.6,23.9,29.4,36.5,29.4,57.3,49.2,38.8,34.7,1.3,R64,8,Alabama,0,NA,NA,NA,NA,NA,NA,NA,NA,NA,NA,NA,NA,NA,NA,NA
Virginia Tech,2019,ACC,35,26,0.742857143,117.8,93.4,0.9357,55.6,49,17.3,21.6,29.6,27.2,31.9,26.3,52.9,49,39.4,32.7,5,S16,4,Saint Louis,1,14,Liberty,1,9,Duke ,0,NA ,NA ,NA ,NA ,NA ,NA ,NA ,NA ,NA 
Virginia,2014,ACC,37,30,0.810810811,114.6,89.5,0.9449,50.8,44.2,16.5,18.4,33.9,25.8,42,32.5,49,42.1,36.9,32.3,8.2,S16,1,Coastal Carolina,1,11,Memphis,1,18,Michigan St.,0,NA,NA,NA,NA,NA,NA,NA,NA,NA
Virginia,2015,ACC,34,30,0.882352941,112.1,84.1,0.9648,50.6,42.3,15.7,17.9,34.3,24.2,34.9,28.6,49.7,40.1,35.2,30.8,10,R32,2,Belmont,1,12,Michigan St.,0,NA,NA,NA,NA,NA,NA,NA,NA,NA,NA,NA,NA
Virginia,2016,ACC,37,29,0.783783784,119.9,91,0.96,54.8,48.4,15.1,18.8,29.9,25.2,32.1,33.4,52.6,46.3,40.3,34.7,8.6,E8,1,Hampton,1,36,Butler,1,8,Iowa St.,1,13,Syracuse,0,NA,NA,NA,NA,NA,NA
Virginia,2017,ACC,34,23,0.676470588,111.8,86.9,0.9477,52.4,46.1,15.6,20.7,28.3,24.5,26,33.8,49.7,45.1,38.5,31.7,5,R32,5,UNCW,1,5,Florida,0,NA,NA,NA,NA,NA,NA,NA,NA,NA,NA,NA,NA
Virginia,2018,ACC,34,31,0.911764706,114.6,86.7,0.9612,52.7,44.3,14,20.9,27,25.6,24.5,26.2,50.1,42.8,38.3,31,11.3,R64,1,UMBC,0,NA,NA,NA,NA,NA,NA,NA,NA,NA,NA,NA,NA,NA,NA,NA
Virginia,2019,ACC,38,35,0.921052632,123,89.9,0.9736,55.2,44.7,14.7,17.5,30.4,25.4,29.1,26.3,52.5,45.7,39.5,28.9,11.1,Champions,1,Gardner Webb,1,15,Oklahoma,1,12,Oregon,1,4,Purdue,1,5,Auburn,1,1,Texas Tech,1
Washington,2019,P12,36,27,0.75,105.6,93.1,0.8097,52.1,47.5,19.8,24.2,29.1,34.9,34.7,34,51.9,46,35,33.4,3.1,R32,9,Utah St.,1,17,North Carolina,0,NA ,NA ,NA ,NA ,NA ,NA ,NA ,NA ,NA ,NA ,NA ,NA 
Weber St.,2014,BSky,29,17,0.586206897,106,106.6,0.4831,54.1,47.8,19,13.8,28.4,28.7,49.7,35.1,51.1,47,39.4,33.7,-6.9,R64,16,Arizona,0,NA,NA,NA,NA,NA,NA,NA,NA,NA,NA,NA,NA,NA,NA,NA
Weber St.,2016,BSky,32,23,0.71875,101.7,99.5,0.5599,54.5,47.4,19.6,15.6,25.9,25.6,45.7,28.1,55.3,45.2,35.5,35.6,-3.7,R64,15,Xavier,0,NA,NA,NA,NA,NA,NA,NA,NA,NA,NA,NA,NA,NA,NA,NA
West Virginia,2015,B12,35,25,0.714285714,110.3,93.3,0.8733,46.1,52.7,18.7,28,40.1,31.1,40.4,55.5,45.5,51.8,31.6,36.5,4.1,S16,5,Buffalo,1,6,Maryland,1,10,Kentucky,0,NA,NA,NA,NA,NA,NA,NA,NA,NA
West Virginia,2016,B12,35,26,0.742857143,114.8,90.4,0.9396,49.8,48.4,20,25,42,27.1,46.2,55.3,50.3,47.7,32.5,33.1,7.4,R64,3,SFA,0,NA,NA,NA,NA,NA,NA,NA,NA,NA,NA,NA,NA,NA,NA,NA
West Virginia,2017,B12,37,28,0.756756757,115.4,89.3,0.9498,51.3,48.8,17,27.6,37.9,31.9,38.9,42.5,49.8,46.5,36.2,35.3,6.4,S16,4,Bucknell,1,6,Notre Dame,1,12,Gonzaga,0,NA,NA,NA,NA,NA,NA,NA,NA,NA
West Virginia,2018,B12,37,26,0.702702703,120.9,95.8,0.9353,50.4,49.9,16.5,23.3,37,30.1,31.3,44.1,48.8,45.4,35.3,38,4.6,S16,5,Murray St.,1,17,Marshall,1,23,Villanova,0,NA,NA,NA,NA,NA,NA,NA,NA,NA
Western Kentucky,2013,SB,35,19,0.542857143,100.1,100.4,0.4895,48.6,47.9,22.2,20.8,34.8,30.7,37.6,37.8,48.3,47.6,32.7,32.4,-8.4,R64,16,Kansas,0,NA,NA,NA,NA,NA,NA,NA,NA,NA,NA,NA,NA,NA,NA,NA
Western Michigan,2014,MAC,32,22,0.6875,104.7,102.5,0.5605,52,47.6,20.9,18.5,31,32,51.4,34.7,53.7,47.8,32.6,31.5,-2.9,R64,14,Syracuse,0,NA,NA,NA,NA,NA,NA,NA,NA,NA,NA,NA,NA,NA,NA,NA
Wichita St.,2013,MVC,39,30,0.769230769,110.6,91,0.9045,50,45.3,19.4,20,38,26.5,36.5,38.3,49.6,43.6,33.9,32.2,2.2,F4,9,Pittsburgh,1,18,Gonzaga,1,6,La Salle,1,2,Ohio St.,1,4,Louisville,0,NA,NA,NA
Wichita St.,2014,MVC,35,34,0.971428571,116.4,93,0.9295,52.4,44.7,16.2,18.2,35,26.2,46.9,35.7,52.3,43.6,35,31.1,8.1,R32,1,Cal Poly,1,27,Kentucky,0,NA,NA,NA,NA,NA,NA,NA,NA,NA,NA,NA,NA
Wichita St.,2015,MVC,34,29,0.852941176,114.3,91.5,0.9277,50.3,45.8,15,21.3,34.5,27.4,36.2,36.6,48.9,42.6,35.4,35.3,4.2,S16,7,Indiana,1,5,Kansas,1,13,Notre Dame,0,NA,NA,NA,NA,NA,NA,NA,NA,NA
Wichita St.,2016,MVC,34,25,0.735294118,110.3,87.8,0.9321,48.9,44.7,14.7,23.2,31.7,23.6,37.4,45.4,49.2,42.1,32.3,32.7,0.2,R32,11,Arizona,1,10,Miami FL,0,NA,NA,NA,NA,NA,NA,NA,NA,NA,NA,NA,NA
Wichita St.,2017,MVC,35,31,0.885714286,117.2,92.2,0.9403,54.2,43.8,16.2,19.3,34.2,24.2,40.4,35.1,50.7,42,40.2,31.2,4.1,R32,10,Dayton,1,6,Kentucky,0,NA,NA,NA,NA,NA,NA,NA,NA,NA,NA,NA,NA
Wichita St.,2018,Amer,33,25,0.757575758,120.9,102.7,0.8671,55.1,49.4,16.5,16.3,35.4,22.6,34.8,33.2,53.8,46,38.1,36.3,3.4,R64,4,Marshall,0,NA,NA,NA,NA,NA,NA,NA,NA,NA,NA,NA,NA,NA,NA,NA
Winthrop,2017,BSth,31,26,0.838709677,105.3,101.3,0.6106,53.5,46.7,17.8,18.6,26.3,28.4,38.2,34.5,50.9,45.9,37.9,32.1,-1.8,R64,13,Butler,0,NA,NA,NA,NA,NA,NA,NA,NA,NA,NA,NA,NA,NA,NA,NA
Wisconsin,2013,B10,35,23,0.657142857,107.2,84.3,0.9406,48.6,43,15.7,18,32.6,26.9,29.7,25.7,48,42.8,33,28.9,4.6,R64,5,Mississippi,0,NA,NA,NA,NA,NA,NA,NA,NA,NA,NA,NA,NA,NA,NA,NA
Wisconsin,2014,B10,38,30,0.789473684,122.7,95.9,0.9441,53.3,47.2,12.7,15.3,28.1,27.4,42.7,27.1,51.3,45.9,37.6,34.1,7.9,F4,2,American,1,40,Oregon,1,8,Baylor,1,17,Arizona,1,1,Kentucky,0,NA,NA,NA
Wisconsin,2015,B10,40,36,0.9,129.1,93.6,0.9758,54.8,47.7,12.4,15.8,32.1,23.7,36.2,22.4,54.8,44.7,36.5,37.5,11.3,2ND,1,Coastal Carolina,1,14,Oregon,1,7,North Carolina,1,7,Arizona,1,7,Kentucky,1,7,Duke,0
Wisconsin,2016,B10,35,22,0.628571429,108.8,93.5,0.8509,48.5,48.1,17.1,18.6,33.1,27.7,38,33.6,46.6,44.8,34.9,37.4,0.4,S16,7,Pittsburgh,1,4,Xavier,1,3,Notre Dame,0,NA,NA,NA,NA,NA,NA,NA,NA,NA
Wisconsin,2017,B10,37,27,0.72972973,114.5,92,0.9255,52.1,47.5,17,19.5,35.9,25.9,32.9,28,51.1,43.1,35.9,37.6,5.1,S16,8,Virginia Tech,1,10,Villanova,1,3,Florida,0,NA,NA,NA,NA,NA,NA,NA,NA,NA
Wisconsin,2019,B10,34,23,0.676470588,108.2,88.6,0.9089,51.1,45.2,14.6,17.2,24.5,26.5,27.3,25.8,49.7,44.1,35.9,31.5,6.3,R64,5,Oregon ,0,NA,NA ,NA ,NA ,NA ,NA ,NA ,NA ,NA ,NA ,NA ,NA ,NA ,NA ,NA 
Wofford,2014,SC,30,17,0.566666667,99.7,102.2,0.4275,48.8,49.5,16.4,19.7,30.9,29,33,39.4,47.4,49.6,34.6,32.9,-6.5,R64,15,Michigan,0,NA,NA,NA,NA,NA,NA,NA,NA,NA,NA,NA,NA,NA,NA,NA
Wofford,2015,SC,33,26,0.787878788,102.3,96.8,0.6547,51.1,47,17.2,20,29.4,27.7,37.6,36.4,49.1,47.3,36.8,30.9,0.2,R64,12,Arkansas,0,NA,NA,NA,NA,NA,NA,NA,NA,NA,NA,NA,NA,NA,NA,NA
Wofford,2019,SC,32,30,0.9375,116.4,97.1,0.8892,57.5,49.9,16.1,19.1,31.8,25.2,27.8,31.8,53.9,50.6,41.4,32.6,4,R32,7,Seton Hall,1,16,Kentucky,0,NA ,NA ,NA ,NA ,NA ,NA ,NA ,NA ,NA ,NA ,NA ,NA 
Wright St.,2018,Horz,33,25,0.757575758,99.4,97.2,0.5638,48.6,48.3,18.6,21,28.7,25.3,35.3,29.9,47.7,45.8,33.5,34.7,-3.5,R64,14,Tennessee,0,NA,NA,NA,NA,NA,NA,NA,NA,NA,NA,NA,NA,NA,NA,NA
Wyoming,2015,MWC,33,23,0.696969697,102.1,98.2,0.6121,52.2,47,18.8,17.9,22,27,40.4,27,54.4,44,32.6,34.9,-1.6,R64,12,Northern Iowa,0,NA,NA,NA,NA,NA,NA,NA,NA,NA,NA,NA,NA,NA,NA,NA
Xavier,2015,BE,37,23,0.621621622,115.7,95.1,0.9049,53.3,50,18.1,18.8,31.3,27.3,38.5,33.3,53.7,48.9,35.1,34.6,1.3,S16,6,Mississippi,1,19,Georgia St.,1,8,Arizona,0,NA,NA,NA,NA,NA,NA,NA,NA,NA
Xavier,2016,BE,34,28,0.823529412,117,94.3,0.9229,51.4,47.8,17.4,19.3,35.2,26,41.7,33.6,49.8,48.6,36.3,31.1,7.7,R32,2,Weber St.,1,18,Wisconsin,0,NA,NA,NA,NA,NA,NA,NA,NA,NA,NA,NA,NA
Xavier,2017,BE,38,24,0.631578947,115.6,97.9,0.8713,51.9,51.6,18.4,17.5,34.5,25.5,41.1,33.4,52,52.5,34.5,33.4,1.6,E8,11,Maryland,1,12,Florida St.,1,25,Arizona,1,2,Gonzaga,0,NA,NA,NA,NA,NA,NA
Xavier,2018,BE,35,29,0.828571429,120.9,97.7,0.9211,55.9,49.9,17.2,15.7,30.2,23.1,41,25.6,55.9,49.8,37.2,33.4,8.8,R32,1,Texas Southern,1,19,Florida St.,0,NA,NA,NA,NA,NA,NA,NA,NA,NA,NA,NA,NA
Yale,2016,Ivy,29,22,0.75862069,109.1,95.6,0.8209,52.2,46.7,19.9,17.8,39.3,24.3,41.7,33.3,51.4,45.5,36,32.7,-0.1,R32,12,Baylor,1,4,Duke,0,NA,NA,NA,NA,NA,NA,NA,NA,NA,NA,NA,NA
Yale,2019,Ivy,29,22,0.75862069,110.5,102.5,0.7034,55.6,47.3,17.8,15.2,26.3,24.6,30.1,31.1,56,47.8,36.5,31,-0.9,R64,14,LSU,0,NA ,NA ,NA ,NA ,NA ,NA ,NA ,NA ,NA ,NA ,NA ,NA ,NA ,NA ,NA 
