Team,Year,Round of 64,64WL,64PD,Round of 32,32WL,32PD,Sweet 16,16WL,16PD,Elite 8,8WL,8PD,Final 4,4WL,4PD,Championship,2WL
North Carolina,2013,Villanova,1,7,Kansas,0,NA,NA,NA,NA,NA,NA,NA,NA,NA,NA,NA,NA
Villanova,2013,North Carolina,0,NA,NA,NA,NA,NA,NA,NA,NA,NA,NA,NA,NA,NA,NA,NA
Louisville,2013,North Carolina A&T,1,31,Colorado St.,1,6,Oregon,1,8,Duke,1,22,Wichita St.,1,4,Michigan,1
North Carolina A&T,2013,Louisville,0,NA,NA,NA,NA,NA,NA,NA,NA,NA,NA,NA,NA,NA,NA,NA
Colorado St.,2013,Missouri,1,12,Louisville,0,NA,NA,NA,NA,NA,NA,NA,NA,NA,NA,NA,NA
Missouri,2013,Colorado St.,0,NA,NA,NA,NA,NA,NA,NA,NA,NA,NA,NA,NA,NA,NA,NA
Oklahoma St.,2013,Oregon,0,NA,NA,NA,NA,NA,NA,NA,NA,NA,NA,NA,NA,NA,NA,NA
Oregon,2013,Oklahoma St.,1,11,Saint Louis,1,17,Louisville,NA,NA,NA,NA,NA,NA,NA,NA,NA,NA
Saint Louis,2013,New Mexico St.,1,20,Oregon,0,NA,NA,NA,NA,NA,NA,NA,NA,NA,NA,NA,NA
New Mexico St.,2013,Saint Louis,0,NA,NA,NA,NA,NA,NA,NA,NA,NA,NA,NA,NA,NA,NA,NA
Memphis,2013,Saint Mary's,1,2,Michigan St.,0,NA,NA,NA,NA,NA,NA,NA,NA,NA,NA,NA,NA
Saint Mary's,2013,Memphis,0,NA,NA,NA,NA,NA,NA,NA,NA,NA,NA,NA,NA,NA,NA,NA
Michigan St.,2013,Valparaiso,0,11,Memphis,1,22,Duke,0,NA,NA,NA,NA,NA,NA,NA,NA,NA
Valparaiso,2013,Michigan St.,0,NA,NA,NA,NA,NA,NA,NA,NA,NA,NA,NA,NA,NA,NA,NA
Creighton,2013,Cincinnati,1,4,Duke,0,NA,NA,NA,NA,NA,NA,NA,NA,NA,NA,NA,NA
Cincinnati,2013,Creighton,0,NA,NA,NA,NA,NA,NA,NA,NA,NA,NA,NA,NA,NA,NA,NA
Duke,2013,Albany,1,12,Creighton,1,16,Michigan St.,1,10,Louisville,0,NA,NA,NA,NA,NA,
Albany,2013,Duke,0,NA,NA,NA,NA,NA,NA,NA,NA,NA,NA,NA,NA,NA,NA,NA
Gonzaga,2013,Southern,1,6,Wichita St.,0,NA,NA,NA,NA,NA,NA,NA,NA,NA,NA,NA,NA
Southern,2013,Gonzaga,0,NA,NA,NA,NA,NA,NA,NA,NA,NA,NA,NA,NA,NA,NA,NA
Pittsburghsburgh,2013,Wichita St.,0,NA,NA,NA,NA,NA,NA,NA,NA,NA,NA,NA,NA,NA,NA,NA
Wichita St.,2013,Pittsburghsburgh,1,18,Gonzaga,1,6,La Salle,1,2,Ohio St.,1,4,Louisville,0,NA,NA,NA
Wisconsin,2013,Mississippi,0,NA,NA,NA,NA,NA,NA,NA,NA,NA,NA,NA,NA,NA,NA,NA
Mississippi,2013,Wisconsin,1,11,La Salle,0,NA,NA,NA,NA,NA,NA,NA,NA,NA,NA,NA,NA
Kansas St.,2013,La Salle,0,NA,NA,NA,NA,NA,NA,NA,NA,NA,NA,NA,NA,NA,NA,NA
La Salle,2013,Kansas St.,1,2,Mississippi,1,2,Wichita St.,0,NA,NA,NA,NA,NA,NA,NA,NA,NA
Arizona,2013,Belmont,1,17,Harvard,1,23,Ohio St.,0,NA,NA,NA,NA,NA,NA,NA,NA,NA
Belmont,2013,Arizona,0,NA,NA,NA,NA,NA,NA,NA,NA,NA,NA,NA,NA,NA,NA,NA
New Mexico,2013,Harvard,0,NA,NA,NA,NA,NA,NA,NA,NA,NA,NA,NA,NA,NA,NA,NA
Harvard,2013,New Mexico,1,6,Arizona,0,NA,NA,NA,NA,NA,NA,NA,NA,NA,NA,NA,NA
Notre Dame,2013,Iowa St.,0,NA,NA,NA,NA,NA,NA,NA,NA,NA,NA,NA,NA,NA,NA,NA
Iowa St.,2013,Notre Dame,1,18,Ohio St.,0,NA,NA,NA,NA,NA,NA,NA,NA,NA,NA,NA,NA
Ohio St.,2013,Iona,1,25,Iowa St.,1,3,Arizona,1,3,Wichita St.,0,NA,NA,NA,NA,NA,NA
Iona,2013,Ohio St.,0,NA,NA,NA,NA,NA,NA,NA,NA,NA,NA,NA,NA,NA,NA,NA
Kansas,2013,Western Kentucky,1,7,North Carolina,1,12,Michigan,0,NA,NA,NA,NA,NA,NA,NA,NA,NA
Western Kentucky,2013,Kansas,0,NA,NA,NA,NA,NA,NA,NA,NA,NA,NA,NA,NA,NA,NA,NA
VCU,2013,Akron,1,46,Michigan,0,NA,NA,NA,NA,NA,NA,NA,NA,NA,NA,NA,NA
Akron,2013,VCU,0,NA,NA,NA,NA,NA,NA,NA,NA,NA,NA,NA,NA,NA,NA,NA
Michigan,2013,South Dakota St.,1,15,VCU,1,25,Kansas,1,2,Florida,1,20,Syracuse,1,5,Louisville,0
South Dakota St.,2013,Michigan,0,NA,NA,NA,NA,NA,NA,NA,NA,NA,NA,NA,NA,NA,NA,NA
UCLA,2013,Minnesota,0,NA,NA,NA,NA,NA,NA,NA,NA,NA,NA,NA,NA,NA,NA,NA
Minnesota,2013,UCLA,1,20,Florida,0,NA,NA,NA,NA,NA,NA,NA,NA,NA,NA,NA,NA
Florida,2013,Northwestern St.,1,32,Minnesota,1,14,Michigan,0,NA,NA,NA,NA,NA,NA,NA,NA,NA
Northwestern St.,2013,Florida,0,NA,NA,NA,NA,NA,NA,NA,NA,NA,NA,NA,NA,NA,NA,NA
San Diego St.,2013,Oklahoma,1,15,Florida Gulf Coast,0,NA,NA,NA,NA,NA,NA,NA,NA,NA,NA,NA,NA
Oklahoma,2013,San Diego St.,0,NA,NA,NA,NA,NA,NA,NA,NA,NA,NA,NA,NA,NA,NA,NA
Georgetown,2013,Florida Gulf Coast,0,NA,NA,NA,NA,NA,NA,NA,NA,NA,NA,NA,NA,NA,NA,NA
Florida Gulf Coast,2013,Georgetown,1,10,San Diego St.,1,10,Florida,0,NA,NA,NA,NA,NA,NA,NA,NA,NA
Indiana,2013,James Madison,1,21,Temple,1,6,Syracuse,0,NA,NA,NA,NA,NA,NA,NA,NA,NA
James Madison,2013,Indiana,0,NA,NA,NA,NA,NA,NA,NA,NA,NA,NA,NA,NA,NA,NA,NA
North Carolina St.,2013,Temple,0,NA,NA,NA,NA,NA,NA,NA,NA,NA,NA,NA,NA,NA,NA,NA
Temple,2013,North Carolina St.,1,4,Indiana,0,NA,NA,NA,NA,NA,NA,NA,NA,NA,NA,NA,NA
UNLV,2013,California,0,NA,NA,NA,NA,NA,NA,NA,NA,NA,NA,NA,NA,NA,NA,NA
California,2013,UNLV,1,3,Syracuse,0,NA,NA,NA,NA,NA,NA,NA,NA,NA,NA,NA,NA
Syracuse,2013,Montana,1,47,California,1,6,Indiana,1,11,Marquette,1,16,Michigan,0,NA,NA,NA
Montana,2013,Syracuse,0,NA,NA,NA,NA,NA,NA,NA,NA,NA,NA,NA,NA,NA,NA,NA
Butler,2013,Bucknell,1,12,Marquette,0,NA,NA,NA,NA,NA,NA,NA,NA,NA,NA,NA,NA
Bucknell,2013,Butler,0,NA,NA,NA,NA,NA,NA,NA,NA,NA,NA,NA,NA,NA,NA,NA
Marquette,2013,Davidson,1,1,Butler,1,2,Miami FL,1,10,Syracuse,0,NA,NA,NA,NA,NA,NA
Davidson,2013,Marquette,0,NA,NA,NA,NA,NA,NA,NA,NA,NA,NA,NA,NA,NA,NA,NA
Illinois,2013,Colorado,1,8,Miami FL,0,NA,NA,NA,NA,NA,NA,NA,NA,NA,NA,NA,NA
Colorado,2013,Illinois,0,NA,NA,NA,NA,NA,NA,NA,NA,NA,NA,NA,NA,NA,NA,NA
Miami FL,2013,Pacific,1,29,Illinois,1,4,Marquette,0,NA,NA,NA,NA,NA,NA,NA,NA,NA
Pacific,2013,Miami FL,0,NA,NA,NA,NA,NA,NA,NA,NA,NA,NA,NA,NA,NA,NA,NA
Florida,2014,Albany,1,12,Pittsburgh,1,16,UCLA,1,11,Dayton,1,10,Connecticut,0,NA,NA,NA
Albany,2014,Florida,0,NA,NA,NA,NA,NA,NA,NA,NA,NA,NA,NA,NA,NA,NA,NA
Colorado,2014,Pittsburgh,0,NA,NA,NA,NA,NA,NA,NA,NA,NA,NA,NA,NA,NA,NA,NA
Pittsburgh,2014,Colorado,1,29,Florida,0,NA,NA,NA,NA,NA,NA,NA,NA,NA,NA,NA,NA
VCU,2014,SF Austin,0,NA,NA,NA,NA,NA,NA,NA,NA,NA,NA,NA,NA,NA,NA,NA
SF Austin,2014,VCU,1,2,UCLA,0,NA,NA,NA,NA,NA,NA,NA,NA,NA,NA,NA,NA
UCLA,2014,Tulsa,1,17,SF Austin,1,17,Florida,0,NA,NA,NA,NA,NA,NA,NA,NA,NA
Tulsa,2014,UCLA,0,NA,NA,NA,NA,NA,NA,NA,NA,NA,NA,NA,NA,NA,NA,NA
Ohio St.,2014,Dayton,0,NA,NA,NA,NA,NA,NA,NA,NA,NA,NA,NA,NA,NA,NA,NA
Dayton,2014,Ohio St.,1,1,Syracuse,1,2,Stanford,1,10,Florida,0,NA,NA,NA,NA,NA,NA
Syracuse,2014,Western Michigan,1,24,Dayton,0,NA,NA,NA,NA,NA,NA,NA,NA,NA,NA,NA,NA
Western Michigan,2014,Syracuse,0,NA,NA,NA,NA,NA,NA,NA,NA,NA,NA,NA,NA,NA,NA,NA
New Mexico,2014,Stanford,0,NA,NA,NA,NA,NA,NA,NA,NA,NA,NA,NA,NA,NA,NA,NA
Stanford,2014,New Mexico,1,5,Kansas,1,3,Dayton,0,NA,NA,NA,NA,NA,NA,NA,NA,NA
Kansas,2014,E Kentucky,1,11,Stanford,0,NA,NA,NA,NA,NA,NA,NA,NA,NA,NA,NA,NA
Eastern Kentucky,2014,Kansas,0,NA,NA,NA,NA,NA,NA,NA,NA,NA,NA,NA,NA,NA,NA,NA
Virginia,2014,Coastal Carolina,1,11,Memphis,1,18,Michigan St.,0,NA,NA,NA,NA,NA,NA,NA,NA,NA
Coastal Carolina,2014,Virginia,0,NA,NA,NA,NA,NA,NA,NA,NA,NA,NA,NA,NA,NA,NA,NA
Memphis,2014,George Washington,1,5,Virginia,0,NA,NA,NA,NA,NA,NA,NA,NA,NA,NA,NA,NA
George Washington,2014,Memphis,0,NA,NA,NA,NA,NA,NA,NA,NA,NA,NA,NA,NA,NA,NA,NA
Cincinnati,2014,Harvard,0,NA,NA,NA,NA,NA,NA,NA,NA,NA,NA,NA,NA,NA,NA,NA
Harvard,2014,Cincinnati,1,4,Michigan St.,0,NA,NA,NA,NA,NA,NA,NA,NA,NA,NA,NA,NA
Michigan St.,2014,Delaware,1,15,Harvard,1,7,Virginia,1,2,Connecticut,0,NA,NA,NA,NA,NA,NA
Delaware,2014,Michigan St.,0,NA,NA,NA,NA,NA,NA,NA,NA,NA,NA,NA,NA,NA,NA,NA
North Carolina,2014,Providence,1,2,Iowa St.,0,NA,NA,NA,NA,NA,NA,NA,NA,NA,NA,NA,NA
Providence,2014,North Carolina,0,NA,NA,NA,NA,NA,NA,NA,NA,NA,NA,NA,NA,NA,NA,NA
Iowa St.,2014,North Carolina Central,1,18,North Carolina,2,Connecticut,0,NA,NA,NA,NA,NA,NA,NA,NA,NA,NA
North Carolina Central,2014,Iowa St.,0,NA,NA,NA,NA,NA,NA,NA,NA,NA,NA,NA,NA,NA,NA,NA
Connecticut,2014,Saint Joseph's,1,8,Villanova,1,12,Iowa St.,1,5,Michigan St.,1,6,Florida,1,10,Kentucky,1
Saint Joseph's,2014,Connecticut,0,NA,NA,NA,NA,NA,NA,NA,NA,NA,NA,NA,NA,NA,NA,NA
Villanova,2014,Milwaukee,1,Connecticut,0,NA,NA,NA,NA,NA,NA,NA,NA,NA,NA,NA,NA,NA
Milwaukee,2014,Villanova,0,NA,NA,NA,NA,NA,NA,NA,NA,NA,NA,NA,NA,NA,NA,NA
Arizona,2014,Weber St.,1,9,Gonzaga,1,23,San Diego St.,1,6,Wisconsin,0,NA,NA,NA,NA,NA,NA
Weber St.,2014,Arizona,0,NA,NA,NA,NA,NA,NA,NA,NA,NA,NA,NA,NA,NA,NA,NA
Gonzaga,2014,Oklahoma St.,1,8,Arizona,0,NA,NA,NA,NA,NA,NA,NA,NA,NA,NA,NA,NA
Oklahoma St.,2014,Gonzaga,0,NA,NA,NA,NA,NA,NA,NA,NA,NA,NA,NA,NA,NA,NA,NA
Oklahoma,2014,North Dakota St.,0,NA,NA,NA,NA,NA,NA,NA,NA,NA,NA,NA,NA,NA,NA,NA
North Dakota St.,2014,Oklahoma,1,5,San Diego St.,0,NA,NA,NA,NA,NA,NA,NA,NA,NA,NA,NA,NA
San Diego St.,2014,New Mexico St.,1,4,North Dakota St.,1,19,Arizona,0,NA,NA,NA,NA,NA,NA,NA,NA,NA
New Mexico St.,2014,San Diego St.,0,NA,NA,NA,NA,NA,NA,NA,NA,NA,NA,NA,NA,NA,NA,NA
Baylor,2014,Nebraska,1,14,Creighton,1,30,Wisconsin,0,NA,NA,NA,NA,NA,NA,NA,NA,NA
Nebraska,2014,Baylor,0,NA,NA,NA,NA,NA,NA,NA,NA,NA,NA,NA,NA,NA,NA,NA
Creighton,2014,Louisana,1,10,Baylor,0,NA,NA,NA,NA,NA,NA,NA,NA,NA,NA,NA,NA
Louisiana,2014,Creighton,0,NA,NA,NA,NA,NA,NA,NA,NA,NA,NA,NA,NA,NA,NA,NA
Oregon,2014,BYU,1,19,Wisconsin,0,NA,NA,NA,NA,NA,NA,NA,NA,NA,NA,NA,NA
BYU,2014,Oregon,0,NA,NA,NA,NA,NA,NA,NA,NA,NA,NA,NA,NA,NA,NA,NA
Wisconsin,2014,American,1,40,Oregon,1,8,Baylor,1,17,Arizona,1,1,Kentucky,0,NA,NA,NA
American,2014,Wisconsin,0,NA,NA,NA,NA,NA,NA,NA,NA,NA,NA,NA,NA,NA,NA,NA
Wichita St.,2014,Cal Poly,1,27,Kentucky,0,NA,NA,NA,NA,NA,NA,NA,NA,NA,NA,NA,NA
Cal Poly,2014,Wichita St.,0,NA,NA,NA,NA,NA,NA,NA,NA,NA,NA,NA,NA,NA,NA,NA
Kentucky,2014,Kansas St.,1,7,Wichita St.,1,2,Louisville,1,5,Michigan,1,3,Wisconsin,1,1,Connecticut,0
Kansas St.,2014,Kentucky,0,NA,NA,NA,NA,NA,NA,NA,NA,NA,NA,NA,NA,NA,NA,NA
Saint Louis,2014,North Carolina St.,1,3,Louisville,0,NA,NA,NA,NA,NA,NA,NA,NA,NA,NA,NA,NA
North Carolina St.,2014,Saint Louis,0,NA,NA,NA,NA,NA,NA,NA,NA,NA,NA,NA,NA,NA,NA,NA
Louisville,2014,Manhattan,1,7,Saint Louis,1,15,Kentucky,0,NA,NA,NA,NA,NA,NA,NA,NA,NA
Manhattan,2014,Louisville,0,NA,NA,NA,NA,NA,NA,NA,NA,NA,NA,NA,NA,NA,NA,NA
Massachusetts,2014,Tennesse,0,NA,NA,NA,NA,NA,NA,NA,NA,NA,NA,NA,NA,NA,NA,NA
Tennessee,2014,Massachusetts,1,19,Mercer,1,20,Michigan,0,NA,NA,NA,NA,NA,NA,NA,NA,NA
Duke,2014,Mercer,0,NA,NA,NA,NA,NA,NA,NA,NA,NA,NA,NA,NA,NA,NA,NA
Mercer,2014,Duke,1,7,Tennessee,0,NA,NA,NA,NA,NA,NA,NA,NA,NA,NA,NA,NA
Texas,2014,Arizona St.,1,2,Michigan,0,NA,NA,NA,NA,NA,NA,NA,NA,NA,NA,NA,NA
Arizona St.,2014,Texas,0,NA,NA,NA,NA,NA,NA,NA,NA,NA,NA,NA,NA,NA,NA,NA
Michigan,2014,Wofford,1,14,Texas,1,14,Tennessee,1,2,Kentucky,0,NA,NA,NA,NA,NA,NA
Wofford,2014,Michigan,0,NA,NA,NA,NA,NA,NA,NA,NA,NA,NA,NA,NA,NA,NA,NA
Kentucky,2015,Hampton,1,23,Cincinnati,1,13,West Virginia,1,39,Notre Dame,1,2,Wisconsin,0,NA,NA,NA
Hampton,2015,Kentucky,0,NA,NA,NA,NA,NA,NA,NA,NA,NA,NA,NA,NA,NA,NA,NA
Cincinnati,2015,Purdue,1,1,Kentucky,0,NA,NA,NA,NA,NA,NA,NA,NA,NA,NA,NA,NA
Purdue,2015,Cincinnati,0,NA,NA,NA,NA,NA,NA,NA,NA,NA,NA,NA,NA,NA,NA,NA
West Virginia,2015,Buffalo,1,6,Maryland,1,10,Kentucky,0,NA,NA,NA,NA,NA,NA,NA,NA,NA
Buffalo,2015,West Virginia,0,NA,NA,NA,NA,NA,NA,NA,NA,NA,NA,NA,NA,NA,NA,NA
Maryland,2015,Valparaiso,1,3,West Virginia,0,NA,NA,NA,NA,NA,NA,NA,NA,NA,NA,NA,NA
Valparaiso,2015,Maryland,0,NA,NA,NA,NA,NA,NA,NA,NA,NA,NA,NA,NA,NA,NA,NA
Butler,2015,Texas,1,8,Notre Dame,0,NA,NA,NA,NA,NA,NA,NA,NA,NA,NA,NA,NA
Texas,2015,Butler,0,NA,NA,NA,NA,NA,NA,NA,NA,NA,NA,NA,NA,NA,NA,NA
Notre Dame,2015,Northeastern,1,4,Butler,1,3,Wichita St.,1,11,Kentucky,0,NA,NA,NA,NA,NA,NA
Northeastern,2015,Notre Dame,0,NA,NA,NA,NA,NA,NA,NA,NA,NA,NA,NA,NA,NA,NA,NA
Wichita St.,2015,Indiana,1,5,Kansas,1,13,Notre Dame,0,NA,NA,NA,NA,NA,NA,NA,NA,NA
Indiana,2015,Wichita St.,0,NA,NA,NA,NA,NA,NA,NA,NA,NA,NA,NA,NA,NA,NA,NA
Kansas,2015,New Mexico St.,1,19,Wichita St.,0,NA,NA,NA,NA,NA,NA,NA,NA,NA,NA,NA,NA
New Mexico St.,2015,Kansas,0,NA,NA,NA,NA,NA,NA,NA,NA,NA,NA,NA,NA,NA,NA,NA
Wisconsin,2015,Coastal Carolina,1,14,Oregon,1,7,North Carolina,1,7,Arizona,1,7,Kentucky,1,7,Duke,0
Coastal Carolina,2015,Wisconsin,0,NA,NA,NA,NA,NA,NA,NA,NA,NA,NA,NA,NA,NA,NA,NA
Oregon,2015,Oklahoma St.,1,6,Wisconsin,0,NA,NA,NA,NA,NA,NA,NA,NA,NA,NA,NA,NA
Oklahoma St.,2015,Oregon,0,NA,NA,NA,NA,NA,NA,NA,NA,NA,NA,NA,NA,NA,NA,NA
Arkansas,2015,Wofford,1,3,North Carolina,0,NA,NA,NA,NA,NA,NA,NA,NA,NA,NA,NA,NA
Wofford,2015,Arkansas,0,NA,NA,NA,NA,NA,NA,NA,NA,NA,NA,NA,NA,NA,NA,NA
North Carolina,2015,Harvard,1,2,Arkansas,1,9,Wisconsin,0,NA,NA,NA,NA,NA,NA,NA,NA,NA
Harvard,2015,North Carolina,0,NA,NA,NA,NA,NA,NA,NA,NA,NA,NA,NA,NA,NA,NA,NA
Xavier,2015,Mississippi,1,19,Georgia St.,1,8,Arizona,0,NA,NA,NA,NA,NA,NA,NA,NA,NA
Mississippi,2015,Xavier,0,NA,NA,NA,NA,NA,NA,NA,NA,NA,NA,NA,NA,NA,NA,NA
Baylor,2015,Georgia St.,0,NA,NA,NA,NA,NA,NA,NA,NA,NA,NA,NA,NA,NA,NA,NA
Georgia St.,2015,Baylor,1,1,Xavier,0,NA,NA,NA,NA,NA,NA,NA,NA,NA,NA,NA,NA
VCU,2015,Ohio St.,0,NA,NA,NA,NA,NA,NA,NA,NA,NA,NA,NA,NA,NA,NA,NA
Ohio St.,2015,VCU,1,3,Arizona,0,NA,NA,NA,NA,NA,NA,NA,NA,NA,NA,NA,NA
Arizona,2015,Texas Southern,1,21,Ohio St.,1,15,Xavier,1,8,Wisconsin,0,NA,NA,NA,NA,NA,NA
Texas Southern,2015,Arizona,0,NA,NA,NA,NA,NA,NA,NA,NA,NA,NA,NA,NA,NA,NA,NA
Villanova,2015,Lafayette,1,41,North Carolina St.,0,NA,NA,NA,NA,NA,NA,NA,NA,NA,NA,NA,NA
Lafayette,2015,Villanova,0,NA,NA,NA,NA,NA,NA,NA,NA,NA,NA,NA,NA,NA,NA,NA
North Carolina St.,2015,LSU,1,1,Villanova,1,3,Louisville,0,NA,NA,NA,NA,NA,NA,NA,NA,NA
LSU,2015,North Carolina St.,0,NA,NA,NA,NA,NA,NA,NA,NA,NA,NA,NA,NA,NA,NA,NA
Northern Iowa,2015,Wyoming,1,17,Louisville,0,NA,NA,NA,NA,NA,NA,NA,NA,NA,NA,NA,NA
Wyoming,2015,Northern Iowa,0,NA,NA,NA,NA,NA,NA,NA,NA,NA,NA,NA,NA,NA,NA,NA
Louisville,2015,UC Irvine,1,13,Northern Iowa,1,13,North Carolina St.,1,10,Michigan St.,0,NA,NA,NA,NA,NA,NA
UC Irvine,2015,Louisville,0,NA,NA,NA,NA,NA,NA,NA,NA,NA,NA,NA,NA,NA,NA,NA
Providence,2015,Dayton,0,NA,NA,NA,NA,NA,NA,NA,NA,NA,NA,NA,NA,NA,NA,NA
Dayton,2015,Providence,1,13,Oklahoma,0,NA,NA,NA,NA,NA,NA,NA,NA,NA,NA,NA,NA
Oklahoma,2015,Albany,1,9,Dayton,1,6,Michigan St.,0,NA,NA,NA,NA,NA,NA,NA,NA,NA
Albany,2015,Oklahoma,0,NA,NA,NA,NA,NA,NA,NA,NA,NA,NA,NA,NA,NA,NA,NA
Michigan St.,2015,Georgia,1,7,Virginia,1,6,Oklahoma,1,4,Louisville,1,6,Duke,0,NA,NA,NA
Georgia,2015,Michigan St.,0,NA,NA,NA,NA,NA,NA,NA,NA,NA,NA,NA,NA,NA,NA,NA
Virginia,2015,Belmont,1,12,Michigan St.,0,NA,NA,NA,NA,NA,NA,NA,NA,NA,NA,NA,NA
Belmont,2015,Virginia,0,NA,NA,NA,NA,NA,NA,NA,NA,NA,NA,NA,NA,NA,NA,NA
Duke,2015,Robert Morris,1,29,San Diego St.,1,19,Utah,1,6,Gonzaga,1,14,Michigan St.,1,20,Wisconsin,1
Robert Morris,2015,Duke,0,NA,NA,NA,NA,NA,NA,NA,NA,NA,NA,NA,NA,NA,NA,NA
San Diego St.,2015,St John's,1,12,Duke,0,NA,NA,NA,NA,NA,NA,NA,NA,NA,NA,NA,NA
St John's,2015,San Diego St.,0,NA,NA,NA,NA,NA,NA,NA,NA,NA,NA,NA,NA,NA,NA,NA
Utah,2015,Stephen F. Austin,1,7,Georgetown,1,11,Duke,0,NA,NA,NA,NA,NA,NA,NA,NA,NA
Stephen F. Austin,2015,Utah,0,NA,NA,NA,NA,NA,NA,NA,NA,NA,NA,NA,NA,NA,NA,NA
Georgetown,2015,Eastern Washington,1,Utah,0,NA,NA,NA,NA,NA,NA,NA,NA,NA,NA,NA,NA,NA
Eastern Washington,2015,Georgetown,0,NA,NA,NA,NA,NA,NA,NA,NA,NA,NA,NA,NA,NA,NA,NA
SMU,2015,UCLA,0,NA,NA,NA,NA,NA,NA,NA,NA,NA,NA,NA,NA,NA,NA,NA
UCLA,2015,SMU,1,1,UAB,1,17,Gonzaga,0,NA,NA,NA,NA,NA,NA,NA,NA,NA
Iowa St.,2015,UAB,0,NA,NA,NA,NA,NA,NA,NA,NA,NA,NA,NA,NA,NA,NA,NA
UAB,2015,Iowa St.,1,1,UCLA,0,NA,NA,NA,NA,NA,NA,NA,NA,NA,NA,NA,NA
Iowa,2015,Davidson,1,31,Gonzaga,0,NA,NA,NA,NA,NA,NA,NA,NA,NA,NA,NA,NA
Davidson,2015,Iowa,0,NA,NA,NA,NA,NA,NA,NA,NA,NA,NA,NA,NA,NA,NA,NA
Gonzaga,2015,North Dakota St.,1,10,Iowa,1,19,UCLA,1,12,Duke,0,NA,NA,NA,NA,NA,NA
North Dakota St.,2015,Gonzaga,0,NA,NA,NA,NA,NA,NA,NA,NA,NA,NA,NA,NA,NA,NA,NA
Kansas,2016,Austin Peay,1,26,Conneticut,1,12,Maryland,1,16,Villanova,0,NA,NA,NA,NA,NA,NA
Austin Peay,2016,Kansas,0,NA,NA,NA,NA,NA,NA,NA,NA,NA,NA,NA,NA,NA,NA,NA
Colorado,2016,Conneticut,0,NA,NA,NA,NA,NA,NA,NA,NA,NA,NA,NA,NA,NA,NA,NA
Conneticut,2016,Colorado,1,7,Kansas,0,NA,NA,NA,NA,NA,NA,NA,NA,NA,NA,NA,NA
Maryland,2016,South Dakota St.,1,5,Hawaii,1,13,Kansas,0,NA,NA,NA,NA,NA,NA,NA,NA,NA
South Dakota St.,2016,Maryland,0,NA,NA,NA,NA,NA,NA,NA,NA,NA,NA,NA,NA,NA,NA,NA
California,2016,Hawaii,0,NA,NA,NA,NA,NA,NA,NA,NA,NA,NA,NA,NA,NA,NA,NA
Hawaii,2016,California,1,11,Maryland,0,NA,NA,NA,NA,NA,NA,NA,NA,NA,NA,NA,NA
Arizona,2016,Wichita St.,0,NA,NA,NA,NA,NA,NA,NA,NA,NA,NA,NA,NA,NA,NA,NA
Wichita St.,2016,Arizona,1,10,Miami FL,0,NA,NA,NA,NA,NA,NA,NA,NA,NA,NA,NA,NA
Miami FL,2016,Buffalo,1,7,Wichita St.,1,8,Villanova,0,NA,NA,NA,NA,NA,NA,NA,NA,NA
Buffalo,2016,Miami FL,0,NA,NA,NA,NA,NA,NA,NA,NA,NA,NA,NA,NA,NA,NA,NA
Iowa,2016,Temple,1,2,Villanova,0,NA,NA,NA,NA,NA,NA,NA,NA,NA,NA,NA,NA
Temple,2016,Iowa,0,NA,NA,NA,NA,NA,NA,NA,NA,NA,NA,NA,NA,NA,NA,NA
Villanova,2016,UNC Asheville,1,30,Iowa,1,19,Miami FL,1,23,Kansas,1,5,Oklahoma,1,44,North Carolina,1
UNC Asheville,2016,Villanova,0,NA,NA,NA,NA,NA,NA,NA,NA,NA,NA,NA,NA,NA,NA,NA
North Carolina,2016,FGCU,1,16,Providence,1,19,Indiana,1,15,Notre Dame,1,14,Syracuse,1,17,Villanova,0
Florida Gulf Coast,2016,North Carolina,0,NA,NA,NA,NA,NA,NA,NA,NA,NA,NA,NA,NA,NA,NA,NA
USC,2016,Providence,0,NA,NA,NA,NA,NA,NA,NA,NA,NA,NA,NA,NA,NA,NA,NA
Providence,2016,Southern California,1,1,North Carolina,0,NA,NA,NA,NA,NA,NA,NA,NA,NA,NA,NA,NA
Indiana,2016,Chattanooga,1,25,Kentucky,1,6,North Carolina,0,NA,NA,NA,NA,NA,NA,NA,NA,NA
Chattanooga,2016,Indiana,0,NA,NA,NA,NA,NA,NA,NA,NA,NA,NA,NA,NA,NA,NA,NA
Kentucky,2016,Stony Brook,1,28,Indiana,0,NA,NA,NA,NA,NA,NA,NA,NA,NA,NA,NA,NA
Stony Brook,2016,Kentucky,0,NA,NA,NA,NA,NA,NA,NA,NA,NA,NA,NA,NA,NA,NA,NA
Notre Dame,2016,Michigan,1,7,SFA,1,1,Wisconsin,1,5,North Carolina,0,NA,NA,NA,NA,NA,NA
Michigan,2016,Notre Dame,0,NA,NA,NA,NA,NA,NA,NA,NA,NA,NA,NA,NA,NA,NA,NA
West Virginia,2016,SFA,0,NA,NA,NA,NA,NA,NA,NA,NA,NA,NA,NA,NA,NA,NA,NA
Stephen F. Austin,2016,West Virginia,1,14,Notre Dame,0,NA,NA,NA,NA,NA,NA,NA,NA,NA,NA,NA,NA
Wisconsin,2016,Pittsburghsburgh,1,4,Xavier,1,3,Notre Dame,0,NA,NA,NA,NA,NA,NA,NA,NA,NA
Pittsburghsburgh,2016,Wisconsin,0,NA,NA,NA,NA,NA,NA,NA,NA,NA,NA,NA,NA,NA,NA,NA
Xavier,2016,Weber St.,1,18,Wisconsin,0,NA,NA,NA,NA,NA,NA,NA,NA,NA,NA,NA,NA
Weber St.,2016,Xavier,0,NA,NA,NA,NA,NA,NA,NA,NA,NA,NA,NA,NA,NA,NA,NA
Oregon,2016,Holy Cross,1,39,Saint Joseph's,1,5,Duke,1,14,Oklahoma,0,NA,NA,NA,NA,NA,NA
Holy Cross,2016,Oregon,0,NA,NA,NA,NA,NA,NA,NA,NA,NA,NA,NA,NA,NA,NA,NA
Saint Joseph's,2016,Cincinnati,1,2,Oregon,0,NA,NA,NA,NA,NA,NA,NA,NA,NA,NA,NA,NA
Cincinnati,2016,Saint Josephs,0,NA,NA,NA,NA,NA,NA,NA,NA,NA,NA,NA,NA,NA,NA,NA
Baylor,2016,Yale,0,NA,NA,NA,NA,NA,NA,NA,NA,NA,NA,NA,NA,NA,NA,NA
Yale,2016,Baylor,1,4,Duke,0,NA,NA,NA,NA,NA,NA,NA,NA,NA,NA,NA,NA
Duke,2016,UNC Wilmington,1,8,Yale,1,7,Oregon,0,NA,NA,NA,NA,NA,NA,NA,NA,NA
UNC Wilmington,2016,Duke,0,NA,NA,NA,NA,NA,NA,NA,NA,NA,NA,NA,NA,NA,NA,NA
Texas,2016,Northern Iowa,1,3,Texas A&M,0,NA,NA,NA,NA,NA,NA,NA,NA,NA,NA,NA,NA
Northern Iowa,2016,Texas,0,NA,NA,NA,NA,NA,NA,NA,NA,NA,NA,NA,NA,NA,NA,NA
Texas A&M,2016,Green Bay,1,27,Northern Iowa,1,4,Oklahoma,0,NA,NA,NA,NA,NA,NA,NA,NA,NA
Green Bay,2016,Texas A&M,0,NA,NA,NA,NA,NA,NA,NA,NA,NA,NA,NA,NA,NA,NA,NA
Oregon St.,2016,VCU,0,NA,NA,NA,NA,NA,NA,NA,NA,NA,NA,NA,NA,NA,NA,NA
VCU,2016,Oregon St.,1,8,Oklahoma,0,NA,NA,NA,NA,NA,NA,NA,NA,NA,NA,NA,NA
Oklahoma,2016,Cal St. Bakersfield,1,24,VCU,1,4,Texas A&M,1,7,Oregon,1,12,Villanova,0,NA,NA,NA
Cal St. Bakersfield,2016,Oklahoma,0,NA,NA,NA,NA,NA,NA,NA,NA,NA,NA,NA,NA,NA,NA,NA
Virginia,2016,Hampton,1,36,Butler,1,8,Iowa St.,1,13,Syracuse,0,NA,NA,NA,NA,NA,NA
Hampton,2016,Virginia,0,NA,NA,NA,NA,NA,NA,NA,NA,NA,NA,NA,NA,NA,NA,NA
Texas Tech,2016,Butler,0,NA,NA,NA,NA,NA,NA,NA,NA,NA,NA,NA,NA,NA,NA,NA
Butler,2016,Texas Tech,1,10,Virginia,0,NA,NA,NA,NA,NA,NA,NA,NA,NA,NA,NA,NA
Purdue,2016,Little Rock,0,NA,NA,NA,NA,NA,NA,NA,NA,NA,NA,NA,NA,NA,NA,NA
Little Rock,2016,Purdue,1,2,Iowa St.,0,NA,NA,NA,NA,NA,NA,NA,NA,NA,NA,NA,NA
Iowa St.,2016,Iona,1,13,Little Rock,1,17,Virginia,0,NA,NA,NA,NA,NA,NA,NA,NA,NA
Iona,2016,Iowa St.,0,NA,NA,NA,NA,NA,NA,NA,NA,NA,NA,NA,NA,NA,NA,NA
Seton Hall,2016,Gonzaga,0,NA,NA,NA,NA,NA,NA,NA,NA,NA,NA,NA,NA,NA,NA,NA
Gonzaga,2016,Seton Hall,1,16,Utah,1,23,Syracuse,0,NA,NA,NA,NA,NA,NA,NA,NA,NA
Utah,2016,Fresno St.,1,11,Gonzaga,0,NA,NA,NA,NA,NA,NA,NA,NA,NA,NA,NA,NA
Fresno St.,2016,Utah,0,NA,NA,NA,NA,NA,NA,NA,NA,NA,NA,NA,NA,NA,NA,NA
Dayton ,2016,Syracuse,0,NA,NA,NA,NA,NA,NA,NA,NA,NA,NA,NA,NA,NA,NA,NA
Syracuse,2016,Dayton,1,19,Middle Tennessee,1,15,Gonzaga,1,3,Virginia,1,6,North Carolina,0,NA,NA,NA
Michigan St.,2016,Middle Tennessee,0,NA,NA,NA,NA,NA,NA,NA,NA,NA,NA,NA,NA,NA,NA,NA
Middle Tennessee,2016,Michigan St.,1,9,Syracuse,0,NA,NA,NA,NA,NA,NA,NA,NA,NA,NA,NA,NA
Villanova,2017,Mount St. Mary's,1,20,Wisconsin,0,NA,NA,NA,NA,NA,NA,NA,NA,NA,NA,NA,NA
Mount St. Mary's,2017,Villanova,0,NA,NA,NA,NA,NA,NA,NA,NA,NA,NA,NA,NA,NA,NA,NA
Wisconsin,2017,Virginia Tech,1,10,Villanova,1,3,Florida,0,NA,NA,NA,NA,NA,NA,NA,NA,NA
Virginia Tech,2017,Wisconsin,0,NA,NA,NA,NA,NA,NA,NA,NA,NA,NA,NA,NA,NA,NA,NA
Virginia,2017,UNCW,1,5,Florida,0,NA,NA,NA,NA,NA,NA,NA,NA,NA,NA,NA,NA
UNC Wilmington,2017,Virginia,0,NA,NA,NA,NA,NA,NA,NA,NA,NA,NA,NA,NA,NA,NA,NA
Florida,2017,East Tennessee St.,1,15,Virginia,1,16,Wisconsin,1,1,South Carolina,0,NA,NA,NA,NA,NA,NA
East Tennessee St.,2017,Florida,0,NA,NA,NA,NA,NA,NA,NA,NA,NA,NA,NA,NA,NA,NA,NA
SMU,2017,Southern California,0,NA,NA,NA,NA,NA,NA,NA,NA,NA,NA,NA,NA,NA,NA,NA
USC,2017,SMU,1,1,Baylor,0,NA,NA,NA,NA,NA,NA,NA,NA,NA,NA,NA,NA
Baylor,2017,New Mexico St.,1,18,USC,1,4,South Carolina,0,NA,NA,NA,NA,NA,NA,NA,NA,NA
New Mexico St.,2017,Baylor,0,NA,NA,NA,NA,NA,NA,NA,NA,NA,NA,NA,NA,NA,NA,NA
South Carolina,2017,Marquette,1,20,Duke,1,7,Baylor,1,20,Florida,1,7,Gonzaga,0,NA,NA,NA
Marquette,2017,South Carolina,0,NA,NA,NA,NA,NA,NA,NA,NA,NA,NA,NA,NA,NA,NA,NA
Duke,2017,Troy,1,22,South Carolina,0,NA,NA,NA,NA,NA,NA,NA,NA,NA,NA,NA,NA
Troy,2017,Duke,0,NA,NA,NA,NA,NA,NA,NA,NA,NA,NA,NA,NA,NA,NA,NA
Gonzaga,2017,South Dakota St.,1,20,Northwestern,1,6,West Virginia,1,3,Xavier,1,24,South Carolina,1,4,North Carolina,0
South Dakota St.,2017,Gonzaga,0,NA,NA,NA,NA,NA,NA,NA,NA,NA,NA,NA,NA,NA,NA,NA
Northwestern,2017,Vanderbilt,1,2,Vanderbilt,0,NA,NA,NA,NA,NA,NA,NA,NA,NA,NA,NA,NA
Vanderbilt,2017,Northwestern,0,NA,NA,NA,NA,NA,NA,NA,NA,NA,NA,NA,NA,NA,NA,NA
Notre Dame,2017,Princeton,1,2,West Virginia,0,NA,NA,NA,NA,NA,NA,NA,NA,NA,NA,NA,NA
Princeton,2017,Notre Dame,0,NA,NA,NA,NA,NA,NA,NA,NA,NA,NA,NA,NA,NA,NA,NA
West Virginia,2017,Bucknell,1,6,Notre Dame,1,12,Gonzaga,0,NA,NA,NA,NA,NA,NA,NA,NA,NA
Bucknell,2017,West Virginia,0,NA,NA,NA,NA,NA,NA,NA,NA,NA,NA,NA,NA,NA,NA,NA
Maryland,2017,Xavier,0,NA,NA,NA,NA,NA,NA,NA,NA,NA,NA,NA,NA,NA,NA,NA
Xavier,2017,Maryland,1,12,Florida St.,1,25,Arizona,1,2,Gonzaga,0,NA,NA,NA,NA,NA,NA
Florida St.,2017,Florida Gulf Coast,1,6,Xavier,0,NA,NA,NA,NA,NA,NA,NA,NA,NA,NA,NA,NA
Florida Gulf Coast,2017,Florida St.,0,NA,NA,NA,NA,NA,NA,NA,NA,NA,NA,NA,NA,NA,NA,NA
Saint Mary's ,2017,VCU,1,8,Arizona,0,NA,NA,NA,NA,NA,NA,NA,NA,NA,NA,NA,NA
VCU,2017,Saint Mary's,0,NA,NA,NA,NA,NA,NA,NA,NA,NA,NA,NA,NA,NA,NA,NA
Arizona,2017,North Dakota,1,18,Saint Mary's,1,9,Xavier,0,NA,NA,NA,NA,NA,NA,NA,NA,NA
North Dakota,2017,Arizona,0,NA,NA,NA,NA,NA,NA,NA,NA,NA,NA,NA,NA,NA,NA,NA
Kansas,2017,UC Davis,1,38,Michigan St.,1,20,Purdue,1,32,Oregon,0,NA,NA,NA,NA,NA,NA
UC Davis,2017,Kansas,0,NA,NA,NA,NA,NA,NA,NA,NA,NA,NA,NA,NA,NA,NA,NA
Miami FL,2017,Michigan St.,0,NA,NA,NA,NA,NA,NA,NA,NA,NA,NA,NA,NA,NA,NA,NA
Michigan St.,2017,Miami FL,1,20,Kansas,0,NA,NA,NA,NA,NA,NA,NA,NA,NA,NA,NA,NA
Iowa St.,2017,Nevada,1,11,Purdue,0,NA,NA,NA,NA,NA,NA,NA,NA,NA,NA,NA,NA
Nevada,2017,Iowa St.,0,NA,NA,NA,NA,NA,NA,NA,NA,NA,NA,NA,NA,NA,NA,NA
Purdue,2017,Vermont,1,10,Iowa St.,1,4,Kansas,0,NA,NA,NA,NA,NA,NA,NA,NA,NA
Vermont,2017,Purdue,0,NA,NA,NA,NA,NA,NA,NA,NA,NA,NA,NA,NA,NA,NA,NA
Creighton,2017,Rhode Island,0,NA,NA,NA,NA,NA,NA,NA,NA,NA,NA,NA,NA,NA,NA,NA
Rhode Island,2017,Creighton,1,12,Oregon,0,NA,NA,NA,NA,NA,NA,NA,NA,NA,NA,NA,NA
Oregon,2017,Iona,1,16,Rhode Island,1,3,Michigan,1,1,Kansas,1,14,North Carolina,0,NA,NA,NA
Iona,2017,Oregon,0,NA,NA,NA,NA,NA,NA,NA,NA,NA,NA,NA,NA,NA,NA,NA
Michigan,2017,Oklahoma St.,1,1,Louisville,1,4,Oregon,0,NA,NA,NA,NA,NA,NA,NA,NA,NA
Oklahoma St.,2017,Michigan,0,NA,NA,NA,NA,NA,NA,NA,NA,NA,NA,NA,NA,NA,NA,NA
Louisville,2017,Jacksonville St.,1,15,Michigan,0,NA,NA,NA,NA,NA,NA,NA,NA,NA,NA,NA,NA
Jacksonville St.,2017,Louisville,0,NA,NA,NA,NA,NA,NA,NA,NA,NA,NA,NA,NA,NA,NA,NA
North Carolina,2017,Texas Southern,1,39,Arkansas,1,7,Butler,1,12,Kentucky,1,2,Oregon,1,1,Gonzaga,1
Texas Southern,2017,North Carolina,0,NA,NA,NA,NA,NA,NA,NA,NA,NA,NA,NA,NA,NA,NA,NA
Arkansas,2017,Seton Hall,1,6,North Carolina,0,NA,NA,NA,NA,NA,NA,NA,NA,NA,NA,NA,NA
Seton Hall,2017,Arkansas,0,NA,NA,NA,NA,NA,NA,NA,NA,NA,NA,NA,NA,NA,NA,NA
Minnesota,2017,Middle Tennessee,0,NA,NA,NA,NA,NA,NA,NA,NA,NA,NA,NA,NA,NA,NA,NA
Middle Tennessee,2017,Minnesota,1,9,Butler,0,NA,NA,NA,NA,NA,NA,NA,NA,NA,NA,NA,NA
Butler,2017,Winthrop,1,12,Middle Tennessee,1,9,North Carolina,0,NA,NA,NA,NA,NA,NA,NA,NA,NA
Winthrop,2017,Butler,0,NA,NA,NA,NA,NA,NA,NA,NA,NA,NA,NA,NA,NA,NA,NA
Cincinnati,2017,Kansas St.,1,14,UCLA,0,NA,NA,NA,NA,NA,NA,NA,NA,NA,NA,NA,NA
Kansas St.,2017,Cincinnati,0,NA,NA,NA,NA,NA,NA,NA,NA,NA,NA,NA,NA,NA,NA,NA
UCLA,2017,Kent St.,1,17,Cincinnati,1,12,Kentucky,0,NA,NA,NA,NA,NA,NA,NA,NA,NA
Kent St.,2017,UCLA,0,NA,NA,NA,NA,NA,NA,NA,NA,NA,NA,NA,NA,NA,NA,NA
Dayton ,2017,Wichita St.,0,NA,NA,NA,NA,NA,NA,NA,NA,NA,NA,NA,NA,NA,NA,NA
Wichita St.,2017,Dayton,1,6,Kentucky,0,NA,NA,NA,NA,NA,NA,NA,NA,NA,NA,NA,NA
Kentucky,2017,Northern Kentucky,1,9,Wichita St.,1,3,UCLA,1,11,North Carolina,0,NA,NA,NA,NA,NA,NA
Northern Kentucky,2017,Kentucky,0,NA,NA,NA,NA,NA,NA,NA,NA,NA,NA,NA,NA,NA,NA,NA
Michigan,2018,Montana,1,14,Houston,1,1,Texas A&M,1,27,Florida St.,1,4,Loyola Chicago,1,12,Villanova,0
Villanova,2018,Radford,1,26,Alabama,1,23,West Virginia,1,12,Texas Tech,1,12,Kansas,1,16,Michigan,1
Duke,2018,Iona,1,22,Rhode Island,1,25,Syracuse,1,4,Kansas,0,NA,NA,NA,NA,NA,NA
Florida St.,2018,Missouri,1,13,Xavier,1,5,Gonzaga,1,15,Michigan,0,NA,NA,NA,NA,NA,NA
Kansas St.,2018,Creighton,1,10,UMBC,1,7,Kentucky,1,3,Loyola Chicago,0,NA,NA,NA,NA,NA,NA
Texas Tech,2018,Stephen F. Austin,1,10,Florida,1,3,Purdue,1,13,Villanova,0,NA,NA,NA,NA,NA,NA
Kansas,2018,Penn,1,16,Seton Hall,1,4,Clemson,1,4,Duke,1,4,Villanova,0,NA,NA,NA
Loyola Chicago,2018,Miami FL,1,2,Tennessee,1,1,Nevada,1,1,Kansas St.,1,16,Michigan,0,NA,NA,NA
Rhode Island,2018,Oklahoma,1,5,Duke,0,NA,NA,NA,NA,NA,NA,NA,NA,NA,NA,NA,NA
North Carolina,2018,Lipscomb,1,18,Texas A&M,0,NA,NA,NA,NA,NA,NA,NA,NA,NA,NA,NA,NA
UMBC,2018,Virginia,1,20,Kansas St. ,0,NA,NA,NA,NA,NA,NA,NA,NA,NA,NA,NA,NA
Cincinnati,2018,Georgia St.,1,15,Nevada,0,NA,NA,NA,NA,NA,NA,NA,NA,NA,NA,NA,NA
Houston,2018,San Diego St.,1,2,Michigan,0,NA,NA,NA,NA,NA,NA,NA,NA,NA,NA,NA,NA
Michigan St.,2018,Bucknell,1,4,Syracuse,0,NA,NA,NA,NA,NA,NA,NA,NA,NA,NA,NA,NA
Ohio St.,2018,South Dakota St.,1,8,Gonzaga,0,NA,NA,NA,NA,NA,NA,NA,NA,NA,NA,NA,NA
Butler,2018,Arkansas,1,17,Purdue,0,NA,NA,NA,NA,NA,NA,NA,NA,NA,NA,NA,NA
Seton Hall,2018,North Carolina St.,1,11,Kansas,0,NA,NA,NA,NA,NA,NA,NA,NA,NA,NA,NA,NA
Xavier,2018,Texas Southern,1,19,Florida St.,0,NA,NA,NA,NA,NA,NA,NA,NA,NA,NA,NA,NA
Marshall,2018,Wichita St.,1,6,West Virginia,0,NA,NA,NA,NA,NA,NA,NA,NA,NA,NA,NA,NA
Buffalo,2018,Arizona,1,21,Kentucky,0,NA,NA,NA,NA,NA,NA,NA,NA,NA,NA,NA,NA
Alabama,2018,Virginia Tech,1,3,Villanova,0,NA,NA,NA,NA,NA,NA,NA,NA,NA,NA,NA,NA
Auburn,2018,College of Charleston,1,4,Clemson,0,NA,NA,NA,NA,NA,NA,NA,NA,NA,NA,NA,NA
Florida,2018,St. Bonaventure,1,15,Texas Tech,0,NA,NA,NA,NA,NA,NA,NA,NA,NA,NA,NA,NA
Tennessee,2018,Wright St.,1,26,Loyola Chicago,0,NA,NA,NA,NA,NA,NA,NA,NA,NA,NA,NA,NA
Davidson,2018,Kentucky,0,NA,NA,NA,NA,NA,NA,NA,NA,NA,NA,NA,NA,NA,NA,NA
St. Bonaventure,2018,Florida,0,NA,NA,NA,NA,NA,NA,NA,NA,NA,NA,NA,NA,NA,NA,NA
Miami FL,2018,Loyola Chicago,0,NA,NA,NA,NA,NA,NA,NA,NA,NA,NA,NA,NA,NA,NA,NA
North Carolina St.,2018,Seton Hall,0,NA,NA,NA,NA,NA,NA,NA,NA,NA,NA,NA,NA,NA,NA,NA
Virginia,2018,UMBC,0,NA,NA,NA,NA,NA,NA,NA,NA,NA,NA,NA,NA,NA,NA,NA
Virginia Tech,2018,Alabama,0,NA,NA,NA,NA,NA,NA,NA,NA,NA,NA,NA,NA,NA,NA,NA
Wichita St.,2018,Marshall,0,NA,NA,NA,NA,NA,NA,NA,NA,NA,NA,NA,NA,NA,NA,NA
Penn,2018,Kansas,0,NA,NA,NA,NA,NA,NA,NA,NA,NA,NA,NA,NA,NA,NA,NA
Iona,2018,Duke,0,NA,NA,NA,NA,NA,NA,NA,NA,NA,NA,NA,NA,NA,NA,NA
San Diego St.,2018,Houston,0,NA,NA,NA,NA,NA,NA,NA,NA,NA,NA,NA,NA,NA,NA,NA
Murray St.,2018,West Virginia,0,NA,NA,NA,NA,NA,NA,NA,NA,NA,NA,NA,NA,NA,NA,NA
Arizona,2018,Buffalo,0,NA,NA,NA,NA,NA,NA,NA,NA,NA,NA,NA,NA,NA,NA,NA
Bucknell,2018,Michigan St.,0,NA,NA,NA,NA,NA,NA,NA,NA,NA,NA,NA,NA,NA,NA,NA
Georgia St. ,2018,Cincinnati,0,NA,NA,NA,NA,NA,NA,NA,NA,NA,NA,NA,NA,NA,NA,NA
UNC Greensboro,2018,Gonzaga,0,NA,NA,NA,NA,NA,NA,NA,NA,NA,NA,NA,NA,NA,NA,NA
Arkansas,2018,Butler,0,NA,NA,NA,NA,NA,NA,NA,NA,NA,NA,NA,NA,NA,NA,NA
Missouri,2018,Florida St.,0,NA,NA,NA,NA,NA,NA,NA,NA,NA,NA,NA,NA,NA,NA,NA
Stephen F. Austin,2018,Texas Tech,0,NA,NA,NA,NA,NA,NA,NA,NA,NA,NA,NA,NA,NA,NA,NA
South Dakota St.,2018,Ohio St.,0,NA,NA,NA,NA,NA,NA,NA,NA,NA,NA,NA,NA,NA,NA,NA
Texas Southern,2018,Xavier,0,NA,NA,NA,NA,NA,NA,NA,NA,NA,NA,NA,NA,NA,NA,NA
New Mexico St.,2018,Clemson,0,NA,NA,NA,NA,NA,NA,NA,NA,NA,NA,NA,NA,NA,NA,NA
Clemson,2018,New Mexico St.,1,11,Auburn,1,31,Kansas,0,NA,NA,NA,NA,NA,NA,NA,NA,NA
Syracuse,2018,TCU,1,5,Michigan St.,1,2,Duke,0,NA,NA,NA,NA,NA,NA,NA,NA,NA
Purdue,2018,Cal St. Fullerton,1,26,Butler,1,3,Texas Tech,0,NA,NA,NA,NA,NA,NA,NA,NA,NA
West Virginia,2018,Murray St.,1,17,Marshall,1,23,Villanova,0,NA,NA,NA,NA,NA,NA,NA,NA,NA
Nevada,2018,Texas,1,4,Cincinnati,1,2,Loyola Chicago,0,NA,NA,NA,NA,NA,NA,NA,NA,NA
Kentucky,2018,Davidson,1,5,Buffalo,1,20,Kansas St.,0,NA,NA,NA,NA,NA,NA,NA,NA,NA
Texas A&M,2018,Providence,1,4,North Carolina,1,21,Michigan,0,NA,NA,NA,NA,NA,NA,NA,NA,NA
Gonzaga,2018,UNC Greensboro,1,4,Ohio St.,1,6,Florida St.,0,NA,NA,NA,NA,NA,NA,NA,NA,NA
Lipscomb,2018,North Carolina,0,NA,NA,NA,NA,NA,NA,NA,NA,NA,NA,NA,NA,NA,NA,NA
Oklahoma,2018,Rhode Island,0,NA,NA,NA,NA,NA,NA,NA,NA,NA,NA,NA,NA,NA,NA,NA
TCU,2018,Syracuse,0,NA,NA,NA,NA,NA,NA,NA,NA,NA,NA,NA,NA,NA,NA,NA
Texas,2018,Texas,0,NA,NA,NA,NA,NA,NA,NA,NA,NA,NA,NA,NA,NA,NA,NA
Creighton,2018,Kansas St.,0,NA,NA,NA,NA,NA,NA,NA,NA,NA,NA,NA,NA,NA,NA,NA
Providence,2018,Texas A&M,0,NA,NA,NA,NA,NA,NA,NA,NA,NA,NA,NA,NA,NA,NA,NA
Montana,2018,Michigan,0,NA,NA,NA,NA,NA,NA,NA,NA,NA,NA,NA,NA,NA,NA,NA
Radford,2018,Villanova,0,NA,NA,NA,NA,NA,NA,NA,NA,NA,NA,NA,NA,NA,NA,NA
Cal St. Fullerton,2018,Purdue,0,NA,NA,NA,NA,NA,NA,NA,NA,NA,NA,NA,NA,NA,NA,NA
College of Charleston,2018,Auburn,0,NA,NA,NA,NA,NA,NA,NA,NA,NA,NA,NA,NA,NA,NA,NA
Wright St.,2018,Tennessee,0,NA,NA,NA,NA,NA,NA,NA,NA,NA,NA,NA,NA,NA,NA,NA
Duke,2019,North Dakota St. ,1,32,UCF,1,1,Virginia Tech,1,2,Michigan St.,0,NA ,NA ,NA ,NA ,NA ,NA 
North Dakota St.,2019,Duke,0,NA,NA,NA,NA,NA,NA,NA,NA,NA,NA,NA,NA,NA,NA,NA
LSU,2019,Yale,1,5,Maryland,1,2,Michigan St.,0,NA,NA,NA,NA ,NA ,NA ,NA ,NA ,NA 
Yale,2019,LSU,0,NA ,NA ,NA ,NA ,NA ,NA ,NA ,NA ,NA ,NA ,NA ,NA ,NA ,NA ,NA 
Virginia Tech,2019,Saint Louis,1,14,Liberty,1,9,Duke ,0,NA ,NA ,NA ,NA ,NA ,NA ,NA ,NA ,NA 
Saint Louis,2019,Virginia Tech,0,NA,NA ,NA ,NA ,NA ,NA ,NA ,NA ,NA ,NA ,NA ,NA ,NA ,NA ,NA 
Liberty,2019,Mississippi St. ,1,4,Virginia Tech,0,NA,NA,NA,NA,NA ,NA ,NA,NA,NA,NA,NA,NA
Mississippi St.,2019,Liberty,0,NA,NA ,NA ,NA ,NA ,NA ,NA ,NA ,NA ,NA ,NA ,NA ,NA ,NA ,NA 
Maryland,2019,Belmont,1,2,LSU,0,NA ,NA ,NA ,NA ,NA ,NA ,NA,NA,NA,NA,NA,NA
Belmont,2019,Maryland,0,NA,NA ,NA ,NA ,NA ,NA ,NA ,NA ,NA ,NA ,NA ,NA ,NA ,NA ,NA 
Minnesota,2019,Louisville,1,10,Michigan St.,0,NA,NA,NA,NA,NA,NA,NA,NA,NA,NA,NA,NA
Louisville,2019,Minnesota,0,NA,NA ,NA ,NA ,NA ,NA ,NA ,NA ,NA ,NA ,NA ,NA ,NA ,NA ,NA 
UCF,2019,VCU,1,15,Duke ,0,NA,NA,NA,NA,NA,NA,NA,NA,NA,NA,NA,NA
VCU,2019,UCF,0,NA,NA ,NA ,NA ,NA ,NA ,NA ,NA ,NA ,NA ,NA ,NA ,NA ,NA ,NA 
Gonzaga,2019,Fairleigh Dickinson,1,38,Baylor,1,12,Florida St.,1,14,Texas Tech,0,NA ,NA ,NA ,NA ,NA ,NA 
Fairleigh Dickinson,2019,Gonzaga,0,NA,NA ,NA ,NA ,NA ,NA ,NA ,NA ,NA ,NA ,NA ,NA ,NA ,NA ,NA 
Michigan,2019,Montana,1,19,Florida,1,15,Texas Tech,0,NA ,NA ,NA ,NA ,NA ,NA ,NA ,NA ,NA 
Montana,2019,Michigan,0,NA,NA ,NA ,NA ,NA ,NA ,NA ,NA ,NA ,NA ,NA ,NA ,NA ,NA ,NA 
Texas Tech,2019,Northern Kentucky,1,15,Buffalo,1,20,Michigan,1,19,Gonzaga,1,6,Gonzaga,1,6,Virginia,0
Northern Kentucky,2019,Texas Tech,0,NA,NA ,NA ,NA ,NA ,NA ,NA ,NA ,NA ,NA ,NA ,NA ,NA ,NA ,NA 
Florida St.,2019,Vermont,1,7,Murray St.,1,28,Gonzaga,0,NA ,NA ,NA ,NA ,NA ,NA ,NA ,NA ,NA 
Vermont,2019,Florida St.,0,NA,NA ,NA ,NA ,NA ,NA ,NA ,NA ,NA ,NA ,NA ,NA ,NA ,NA ,NA 
Murray St.,2019,Marquette,1,19,Florida St.,0,NA ,NA ,NA ,NA ,NA ,NA ,NA ,NA ,NA ,NA ,NA ,NA 
Marquette,2019,Murray St.,0,NA,NA ,NA ,NA ,NA ,NA ,NA ,NA ,NA ,NA ,NA ,NA ,NA ,NA ,NA 
Buffalo,2019,Arizona St.,1,17,Texas Tech,0,NA ,NA ,NA ,NA ,NA ,NA ,NA ,NA ,NA ,NA ,NA ,NA 
Arizona St.,2019,Buffalo,0,NA,NA ,NA ,NA ,NA ,NA ,NA ,NA ,NA ,NA ,NA ,NA ,NA ,NA ,NA 
Florida,2019,Nevada,1,9,Michigan,0,NA ,NA ,NA ,NA ,NA ,NA ,NA ,NA ,NA ,NA ,NA ,NA 
Nevada,2019,Florida,0,NA,NA ,NA ,NA ,NA ,NA ,NA ,NA ,NA ,NA ,NA ,NA ,NA ,NA ,NA 
Baylor,2019,Syracuse,1,9,Gonzaga,0,NA ,NA ,NA ,NA ,NA ,NA ,NA ,NA ,NA ,NA ,NA ,NA 
Syracuse,2019,Baylor,0,NA,NA ,NA ,NA ,NA ,NA ,NA ,NA ,NA ,NA ,NA ,NA ,NA ,NA ,NA 
Virginia,2019,Gardner Webb,1,15,Oklahoma,1,12,Oregon,1,4,Purdue,1,5,Auburn,1,1,Texas Tech,1
Gardner Webb,2019,Virginia,0,NA,NA ,NA ,NA ,NA ,NA ,NA ,NA ,NA ,NA ,NA ,NA ,NA ,NA ,NA 
Tennessee,2019,Colgate,1,7,Iowa,1,6,Purdue,0,NA ,NA ,NA ,NA ,NA ,NA ,NA ,NA ,NA 
Colgate,2019,Tennessee,0,NA,NA ,NA ,NA ,NA ,NA ,NA ,NA ,NA ,NA ,NA ,NA ,NA ,NA ,NA 
Purdue,2019,Old Dominion,1,13,Villanova,1,16,Tennessee,1,5,Virginia,0,NA ,NA ,NA ,NA ,NA ,NA 
Old Dominion,2019,Purdue,0,NA,NA ,NA ,NA ,NA ,NA ,NA ,NA ,NA ,NA ,NA ,NA ,NA ,NA ,NA 
UC Irvine,2019,Kansas St.,1,6,Oregon,0,NA ,NA ,NA ,NA ,NA ,NA ,NA ,NA ,NA ,NA ,NA ,NA 
Kansas St.,2019,UC Irvine,0,NA,NA ,NA ,NA ,NA ,NA ,NA ,NA ,NA ,NA ,NA ,NA ,NA ,NA ,NA 
Oregon,2019,Wisconson,1,18,UC Irvine,1,19,Virginia,0,NA ,NA ,NA ,NA ,NA ,NA ,NA ,NA ,NA 
Wisconson ,2019,Oregon ,0,NA,NA ,NA ,NA ,NA ,NA ,NA ,NA ,NA ,NA ,NA ,NA ,NA ,NA ,NA 
Villanova,2019,Saint Mary's,1,4,Purdue,0,NA ,NA ,NA ,NA ,NA ,NA ,NA ,NA ,NA ,NA ,NA ,NA 
Saint Mary's,2019,Villanova,0,NA,NA ,NA,NA ,NA ,NA ,NA ,NA ,NA ,NA ,NA ,NA ,NA ,NA ,NA 
Iowa,2019,Temple,1,7,Tennessee,0,NA ,NA ,NA ,NA ,NA ,NA ,NA ,NA ,NA ,NA ,NA ,NA 
Temple,2019,Iowa,0,NA,NA ,NA,NA ,NA ,NA ,NA ,NA ,NA ,NA ,NA ,NA ,NA ,NA ,NA 
Oklahoma,2019,Mississippi,1,23,Virginia,0,NA ,NA ,NA ,NA ,NA ,NA ,NA ,NA ,NA ,NA ,NA ,NA 
Mississippi,2019,Oklahoma,0,NA,NA ,NA ,NA ,NA ,NA ,NA ,NA ,NA ,NA ,NA ,NA ,NA ,NA ,NA 
North Carolina,2019,Iona,1,15,Washington,1,22,Auburn,0,NA ,NA ,NA ,NA ,NA ,NA ,NA ,NA ,NA 
Iona,2019,North Carolina,0,NA,NA ,NA ,NA ,NA ,NA ,NA ,NA ,NA ,NA ,NA ,NA ,NA ,NA ,NA 
Kentucky,2019,Abilene Christian,1,35,Wofford,1,6,Houston,1,4,Auburn,0,NA ,NA ,NA ,NA ,NA ,NA 
Abilene Christian,2019,Kentucky,0,NA,NA ,NA ,NA ,NA ,NA ,NA ,NA ,NA ,NA ,NA ,NA ,NA ,NA ,NA 
Houston,2019,Georgia St.,1,29,Ohio St.,1,15,Kentucky,0,NA ,NA ,NA ,NA ,NA ,NA ,NA ,NA ,NA 
Georgia St. ,2019,Houston,0,NA,NA ,NA ,NA ,NA ,NA ,NA ,NA ,NA ,NA ,NA ,NA ,NA ,NA ,NA 
Kansas,2019,Northeastern,1,34,Auburn,0,NA ,NA ,NA ,NA ,NA ,NA ,NA ,NA ,NA ,NA ,NA ,NA 
Northeastern,2019,Kansas,0,NA,NA ,NA ,NA ,NA ,NA ,NA ,NA ,NA ,NA ,NA ,NA ,NA ,NA ,NA 
Auburn,2019,New Mexico St.,1,1,Kansas,1,14,Kansas,1,14,Kentucky,1,6,Virgina,0,NA ,NA ,NA 
New Mexico St.,2019,Auburn,0,NA,NA ,NA ,NA ,NA ,NA ,NA ,NA ,NA ,NA ,NA ,NA ,NA ,NA ,NA 
Ohio St.,2019,Iowa St.,1,3,Houston,NA ,NA ,NA ,NA ,NA ,NA ,NA ,NA ,NA ,NA ,NA ,NA ,NA 
Iowa St.,2019,Ohio St.,0,NA,NA ,NA ,NA ,NA ,NA ,NA ,NA ,NA ,NA ,NA ,NA ,NA ,NA ,NA 
Wofford,2019,Seton Hall,1,16,Kentucky,NA ,NA ,NA ,NA ,NA ,NA ,NA ,NA ,NA ,NA ,NA ,NA ,NA 
Seton Hall,2019,Wofford,0,NA,NA ,NA ,NA ,NA ,NA ,NA ,NA ,NA ,NA ,NA ,NA ,NA ,NA ,NA 
Washington,2019,Utah St.,1,17,North Carolina,NA ,NA ,NA ,NA ,NA ,NA ,NA ,NA ,NA ,NA ,NA ,NA ,NA 
Utah St.,2019,Washington,0,NA,NA ,NA ,NA ,NA ,NA ,NA ,NA ,NA ,NA ,NA ,NA ,NA ,NA ,NA 
Michigan St.,2019,Bradley,1,11,Minnesota,1,20,LSU,1,17,Duke,1,1,Texas Tech,0,NA ,NA ,NA 
Bradley,2019,Michigan St.,0,NA,NA ,NA ,NA ,NA ,NA ,NA ,NA ,NA ,NA ,NA ,NA ,NA ,NA ,NA 